PlayerID,LastName,FirstName,Bats,Pitches,Team
atkij101,Atkins,James,L,R,BOS
battm101,Batts,Matt,R,R,BOS
combm101,Combs,Merl,L,R,BOS
dimad101,DiMaggio,Dom,R,R,BOS
dobsj101,Dobson,Joe,R,R,BOS
doerb101,Doerr,Bobby,R,R,BOS
dropw101,Dropo,Walt,R,R,BOS
ferrd101,Ferriss,Dave,L,R,BOS
gillb102,Gillespie,Bob,R,R,BOS
goodb101,Goodman,Billy,L,R,BOS
hatff101,Hatfield,Fred,L,R,BOS
johne105,Johnson,Earl,L,L,BOS
keltk101,Keltner,Ken,R,R,BOS
kinde101,Kinder,Ellis,R,R,BOS
littd102,Littlefield,Dick,L,L,BOS
marcp101,Marchildon,Phil,R,R,BOS
mastw101,Masterson,Walt,R,R,BOS
maxwc101,Maxwell,Charlie,L,L,BOS
mcdem102,McDermott,Mickey,L,L,BOS
mcdoj104,McDonald,Jim,R,R,BOS
muelg101,Mueller,Gordie,R,R,BOS
nixow101,Nixon,Willard,L,R,BOS
obrit103,O'Brien,Tommy,R,R,BOS
papaa101,Papai,Al,R,R,BOS
parnm101,Parnell,Mel,L,L,BOS
peskj101,Pesky,Johnny,L,R,BOS
pierj102,Piersall,Jim,R,R,BOS
quinf104,Quinn,Frank,R,R,BOS
rosab101,Rosar,Buddy,R,R,BOS
schac101,Schanz,Charley,R,R,BOS
scheb102,Scherbarth,Bob,R,R,BOS
stepv101,Stephens,Vern,R,R,BOS
stobc101,Stobbs,Chuck,L,L,BOS
stril101,Stringer,Lou,R,R,BOS
suchj101,Suchecki,Jim,R,R,BOS
taylh101,Taylor,Harry,R,R,BOS
tebbb101,Tebbetts,Birdie,R,R,BOS
vollc101,Vollmer,Clyde,R,R,BOS
willt103,Williams,Ted,L,R,BOS
wrigt101,Wright,Tom,L,R,BOS
zaria101,Zarilla,Al,L,R,BOS
abrac101,Abrams,Cal,L,L,BRO
bankd101,Bankhead,Dan,R,R,BRO
bantj101,Banta,Jack,L,R,BRO
barnr103,Barney,Rex,R,R,BRO
belaw101,Belardi,Wayne,L,L,BRO
branr103,Branca,Ralph,R,R,BRO
browt103,Brown,Tommy,R,R,BRO
campr102,Campanella,Roy,R,R,BRO
cox-b101,Cox,Billy,R,R,BRO
edwab101,Edwards,Bruce,R,R,BRO
eppea101,Epperly,Al,L,R,BRO
erskc101,Erskine,Carl,R,R,BRO
furic101,Furillo,Carl,R,R,BRO
hattj101,Hatten,Joe,R,L,BRO
hermg101,Hermanski,Gene,L,R,BRO
hodgg101,Hodges,Gil,R,R,BRO
jorgs101,Jorgensen,Spider,L,R,BRO
labic101,Labine,Clem,R,R,BRO
landj101,Landrum,Joe,R,R,BRO
lembs101,Lembo,Steve,R,R,BRO
loesb101,Loes,Billy,R,R,BRO
mallm101,Mallette,Mal,L,L,BRO
mcglp101,McGlothin,Pat,L,R,BRO
mikse101,Miksis,Eddie,R,R,BRO
morgb102,Morgan,Bobby,R,R,BRO
newcd101,Newcombe,Don,L,R,BRO
palie101,Palica,Erv,R,R,BRO
podbb101,Podbielan,Bud,R,R,BRO
ramsw101,Ramsdell,Willie,R,R,BRO
reesp101,Reese,Pee Wee,R,R,BRO
robij103,Robinson,Jackie,R,R,BRO
roe-p101,Roe,Preacher,R,L,BRO
romaj102,Romano,Jim,R,R,BRO
russj102,Russell,Jim,B,R,BRO
shubg101,Shuba,George,L,R,BRO
snidd101,Snider,Duke,L,R,BRO
vancc101,Van Cuyk,Chris,L,L,BRO
addib101,Addis,Bob,L,R,BSN
antoj103,Antonelli,Johnny,L,L,BSN
bickv101,Bickford,Vern,R,R,BSN
burrp101,Burris,Paul,R,R,BSN
chipb101,Chipman,Bob,L,L,BSN
coled103,Cole,Dave,R,R,BSN
coopw102,Cooper,Walker,R,R,BSN
crand102,Crandall,Del,R,R,BSN
donod101,Donovan,Dick,L,R,BSN
ellib103,Elliott,Bob,R,R,BSN
gords101,Gordon,Sid,R,R,BSN
haefm101,Haefner,Mickey,L,L,BSN
hallb103,Hall,Bob,R,R,BSN
hartr101,Hartsfield,Roy,R,R,BSN
hogub101,Hogue,Bobby,R,R,BSN
holmt101,Holmes,Tommy,L,L,BSN
jeths101,Jethroe,Sam,B,R,BSN
johne101,Johnson,Ernie,R,R,BSN
kerrb101,Kerr,Buddy,R,R,BSN
lindw101,Linden,Walt,R,R,BSN
manvd101,Manville,Dick,R,R,BSN
marsw101,Marshall,Willard,L,R,BSN
maucg101,Mauch,Gene,R,R,BSN
olmol101,Olmo,Luis,R,R,BSN
reisp101,Reiser,Pete,L,R,BSN
roy-n101,Roy,Normie,R,R,BSN
ryanc102,Ryan,Connie,R,R,BSN
sainj101,Sain,Johnny,R,R,BSN
sists101,Sisti,Sibby,R,R,BSN
spahw101,Spahn,Warren,L,L,BSN
surkm101,Surkont,Max,R,R,BSN
torge101,Torgeson,Earl,L,L,BSN
verbe101,Verban,Emil,R,R,BSN
wallm101,Wall,Murray,R,R,BSN
waltb102,Walters,Bucky,R,R,BSN
adamh101,Adams,Herb,L,L,CHA
aloml101,Aloma,Luis,R,R,CHA
appll101,Appling,Luke,R,R,CHA
bakef103,Baker,Floyd,L,R,CHA
brunj101,Bruner,Jack,L,L,CHA
busbj101,Busby,Jim,R,R,CHA
cainb101,Cain,Bob,L,L,CHA
carrc105,Carrasquel,Chico,R,R,CHA
connb103,Connelly,Bill,L,R,CHA
cuelc101,Cuellar,Charlie,R,R,CHA
erauj101,Erautt,Joe,R,R,CHA
fox-n101,Fox,Nellie,L,R,CHA
goldg101,Goldsberry,Gordon,L,L,CHA
gumpr101,Gumpert,Randy,R,R,CHA
haefm101,Haefner,Mickey,L,L,CHA
holck101,Holcombe,Ken,R,R,CHA
judsh101,Judson,Howie,R,R,CHA
kerig101,Keriazakos,Gus,R,R,CHA
kirrj101,Kirrene,Joe,R,R,CHA
kozaa101,Kozar,Al,R,R,CHA
kresc101,Kress,Chuck,L,L,CHA
kretl101,Kretlow,Lou,R,R,CHA
kuzab101,Kuzava,Bob,B,L,CHA
majeh101,Majeski,Hank,R,R,CHA
maloe101,Malone,Eddie,R,R,CHA
masip101,Masi,Phil,R,R,CHA
mccom101,McCormick,Mike,R,R,CHA
mcghe101,McGhee,Ed,R,R,CHA
michc101,Michaels,Cass,R,R,CHA
niarg101,Niarhos,Gus,R,R,CHA
ostrj102,Ostrowski,Johnny,R,R,CHA
perkj101,Perkovich,John,R,R,CHA
phild102,Philley,Dave,B,R,CHA
pierb101,Pierce,Billy,L,L,CHA
rickm101,Rickert,Marv,L,R,CHA
robie101,Robinson,Eddie,L,R,CHA
rotbm101,Rotblatt,Marv,B,L,CHA
salkb101,Salkeld,Bill,L,R,CHA
scalj102,Scala,Jerry,L,R,CHA
scarr102,Scarborough,Ray,R,R,CHA
wighb101,Wight,Bill,L,L,CHA
wilsb103,Wilson,Bill,R,R,CHA
zerng101,Zernial,Gus,R,R,CHA
borkb101,Borkowski,Bob,R,R,CHN
cavap101,Cavarretta,Phil,L,L,CHN
chith101,Chiti,Harry,R,R,CHN
dubim101,Dubiel,Monk,R,R,CHN
edwah101,Edwards,Hank,L,L,CHN
hackw102,Hacker,Warren,R,R,CHN
hillf101,Hiller,Frank,R,R,CHN
jackr102,Jackson,Randy,R,R,CHN
jeffh101,Jeffcoat,Hal,R,R,CHN
klipj101,Klippstein,Johnny,R,R,CHN
laded101,Lade,Doyle,R,R,CHN
leond103,Leonard,Dutch,R,R,CHN
maurc101,Mauro,Carmen,L,R,CHN
minnp101,Minner,Paul,L,L,CHN
nortr101,Northey,Ron,L,R,CHN
owenm101,Owen,Mickey,R,R,CHN
pafka101,Pafko,Andy,R,R,CHN
ramab101,Ramazzotti,Bob,R,R,CHN
rushb101,Rush,Bob,R,R,CHN
saueh101,Sauer,Hank,R,R,CHN
sawac101,Sawatski,Carl,L,R,CHN
scheb101,Scheffing,Bob,R,R,CHN
schmj101,Schmitz,Johnny,R,L,CHN
sereb101,Serena,Bill,R,R,CHN
smalr101,Smalley,Roy,R,R,CHN
terww101,Terwilliger,Wayne,R,R,CHN
vandj101,Vander Meer,Johnny,B,L,CHN
varga101,Varga,Andy,R,L,CHN
verbe101,Verban,Emil,R,R,CHN
voisb101,Voiselle,Bill,R,R,CHN
walkr101,Walker,Rube,L,R,CHN
wardp101,Ward,Preston,L,R,CHN
adamb103,Adams,Bobby,R,R,CIN
adcoj101,Adcock,Joe,R,R,CIN
avrej101,Avrea,Jay,R,R,CIN
blace102,Blackwell,Ewell,R,R,CIN
blooj101,Bloodworth,Jimmy,R,R,CIN
bolgj101,Bolger,Jim,R,R,CIN
byerb103,Byerly,Bud,R,R,CIN
coopw102,Cooper,Walker,R,R,CIN
eraue101,Erautt,Eddie,R,R,CIN
fox-h101,Fox,Howie,R,R,CIN
hattg101,Hatton,Grady,L,R,CIN
hetkj101,Hetki,Johnny,R,R,CIN
howed102,Howell,Dixie,R,R,CIN
klust101,Kluszewski,Ted,L,L,CIN
landh101,Landrith,Hobie,L,R,CIN
litwd101,Litwhiler,Danny,R,R,CIN
lowrp101,Lowrey,Peanuts,R,R,CIN
meeks101,Meeks,Sammy,R,R,CIN
merrl102,Merriman,Lloyd,L,L,CIN
nortr101,Northey,Ron,L,R,CIN
perkh101,Perkowski,Harry,L,L,CIN
petek101,Peterson,Kent,R,L,CIN
pramj101,Pramesa,Johnny,R,R,CIN
rackm101,Rackley,Marv,L,L,CIN
raffk101,Raffensberger,Ken,R,L,CIN
ramsw101,Ramsdell,Willie,R,R,CIN
ryanc102,Ryan,Connie,R,R,CIN
scheb101,Scheffing,Bob,R,R,CIN
smitf104,Smith,Frank,R,R,CIN
stalv101,Stallcup,Virgil,R,R,CIN
tappt101,Tappe,Ted,L,R,CIN
usheb101,Usher,Bob,R,R,CIN
wehmh101,Wehmeier,Herm,R,R,CIN
wyroj101,Wyrostek,Johnny,L,R,CIN
abera101,Aber,Al,L,L,CLE
avilb101,Avila,Bobby,R,R,CLE
bearg102,Bearden,Gene,L,L,CLE
benta101,Benton,Al,R,R,CLE
beraj101,Berardino,Johnny,R,R,CLE
boonr101,Boone,Ray,R,R,CLE
boudl101,Boudreau,Lou,R,R,CLE
clara102,Clark,Allie,R,R,CLE
conyh101,Conyers,Herb,L,R,CLE
dobyl101,Doby,Larry,L,R,CLE
eastl101,Easter,Luke,L,R,CLE
fellb101,Feller,Bob,R,R,CLE
florj101,Flores,Jesse,R,R,CLE
garcm101,Garcia,Mike,R,R,CLE
gordj101,Gordon,Joe,R,R,CLE
groms101,Gromek,Steve,B,R,CLE
hegaj101,Hegan,Jim,R,R,CLE
kennb104,Kennedy,Bob,R,R,CLE
lemob101,Lemon,Bob,L,R,CLE
lemoj101,Lemon,Jim,R,R,CLE
mitcd101,Mitchell,Dale,L,L,CLE
murrr102,Murray,Ray,R,R,CLE
pierm101,Pieretti,Marino,R,R,CLE
rosea101,Rosen,Al,R,R,CLE
rozed101,Rozek,Dick,L,L,CLE
tuckt102,Tucker,Thurman,L,R,CLE
vernm101,Vernon,Mickey,L,L,CLE
weikd101,Weik,Dick,R,R,CLE
wynne101,Wynn,Early,B,R,CLE
zolds101,Zoldak,Sam,L,L,CLE
berrn101,Berry,Neil,R,R,DET
boroh101,Borowy,Hank,R,R,DET
calvp101,Calvert,Paul,R,R,DET
campp101,Campbell,Paul,L,L,DET
connb103,Connelly,Bill,L,R,DET
everh101,Evers,Hoot,R,R,DET
ginsj101,Ginsberg,Joe,L,R,DET
grayt101,Gray,Ted,B,L,DET
grotj102,Groth,Johnny,R,R,DET
herbr101,Herbert,Ray,R,R,DET
housf103,House,Frank,L,R,DET
houta101,Houtteman,Art,R,R,DET
hutcf101,Hutchinson,Fred,L,R,DET
kellc101,Keller,Charlie,L,R,DET
kellg102,Kell,George,R,R,DET
kolld101,Kolloway,Don,R,R,DET
kryhd101,Kryhoski,Dick,L,L,DET
lakee101,Lake,Eddie,R,R,DET
lipoj101,Lipon,Johnny,R,R,DET
mullp101,Mullin,Pat,L,R,DET
newhh101,Newhouser,Hal,L,L,DET
pridj101,Priddy,Jerry,R,R,DET
robia101,Robinson,Aaron,L,R,DET
rogos101,Rogovin,Saul,R,R,DET
stuam101,Stuart,Marlin,L,R,DET
swifb102,Swift,Bob,R,R,DET
troud101,Trout,Dizzy,R,R,DET
trucv101,Trucks,Virgil,R,R,DET
wertv101,Wertz,Vic,L,R,DET
whith101,White,Hal,R,R,DET
blaym101,Blaylock,Marv,L,L,NY1
calds101,Calderone,Sam,R,R,NY1
darka101,Dark,Al,R,R,NY1
gilbt101,Gilbert,Tookie,L,R,NY1
hansa101,Hansen,Andy,R,R,NY1
harsj101,Harshman,Jack,L,L,NY1
hartc102,Hartung,Clint,R,R,NY1
hearj102,Hearn,Jim,R,R,NY1
higbk101,Higbe,Kirby,R,R,NY1
irvim101,Irvin,Monte,R,R,NY1
jansl101,Jansen,Larry,R,R,NY1
jones103,Jones,Sheldon,R,R,NY1
jorgs101,Jorgensen,Spider,L,R,NY1
kennm101,Kennedy,Monty,R,L,NY1
kosld101,Koslo,Dave,L,L,NY1
kramj101,Kramer,Jack,R,R,NY1
lockw101,Lockman,Whitey,L,R,NY1
lohrj101,Lohrke,Jack,R,R,NY1
magls101,Maglie,Sal,R,R,NY1
maguj101,Maguire,Jack,R,R,NY1
mccom101,McCormick,Mike,R,R,NY1
milnp101,Milne,Pete,L,R,NY1
mueld101,Mueller,Don,L,R,NY1
muelr101,Mueller,Ray,R,R,NY1
reyen101,Reyes,Nap,R,R,NY1
rignb101,Rigney,Bill,R,R,NY1
rufer101,Rufer,Rudy,R,R,NY1
speng102,Spencer,George,R,R,NY1
stane101,Stanky,Eddie,R,R,NY1
thomb105,Thomson,Bobby,R,R,NY1
thomh103,Thompson,Hank,L,R,NY1
weatr101,Weatherly,Roy,L,R,NY1
westw101,Westrum,Wes,R,R,NY1
yvars101,Yvars,Sal,R,R,NY1
baueh101,Bauer,Hank,R,R,NYA
berry101,Berra,Yogi,L,R,NYA
browb105,Brown,Bobby,L,R,NYA
burdl101,Burdette,Lew,R,R,NYA
byrnt101,Byrne,Tommy,L,L,NYA
colej106,Coleman,Jerry,R,R,NYA
collj101,Collins,Joe,L,L,NYA
delsj101,Delsing,Jim,L,R,NYA
dimaj101,DiMaggio,Joe,R,R,NYA
ferrt101,Ferrick,Tom,R,R,NYA
fordw101,Ford,Whitey,L,L,NYA
henrt101,Henrich,Tommy,L,L,NYA
hoppj102,Hopp,Johnny,L,L,NYA
houkr101,Houk,Ralph,R,R,NYA
jensj101,Jensen,Jackie,R,R,NYA
johnb108,Johnson,Billy,R,R,NYA
johnd102,Johnson,Don,R,R,NYA
lindj101,Lindell,Johnny,R,R,NYA
lopae101,Lopat,Eddie,L,L,NYA
madid101,Madison,Dave,R,R,NYA
mapec101,Mapes,Cliff,L,R,NYA
martb105,Martin,Billy,R,R,NYA
mizej101,Mize,Johnny,L,R,NYA
nevee102,Nevel,Ernie,R,R,NYA
niarg101,Niarhos,Gus,R,R,NYA
ostrj101,Ostrowski,Joe,L,L,NYA
pagej101,Page,Joe,L,L,NYA
pilld101,Pillette,Duane,R,R,NYA
portb102,Porterfield,Bob,R,R,NYA
rascv101,Raschi,Vic,R,R,NYA
reyna102,Reynolds,Allie,R,R,NYA
rizzp101,Rizzuto,Phil,R,R,NYA
sanff101,Sanford,Fred,B,R,NYA
silvc101,Silvera,Charlie,R,R,NYA
stirs101,Stirnweiss,Snuffy,R,R,NYA
waked101,Wakefield,Dick,L,R,NYA
woodg101,Woodling,Gene,L,R,NYA
workh101,Workman,Hank,L,R,NYA
astrj101,Astroth,Joe,R,R,PHA
brisl101,Brissie,Lou,L,L,PHA
burtm101,Burtschy,Moe,R,R,PHA
byrdh101,Byrd,Harry,R,R,PHA
chaps101,Chapman,Sam,R,R,PHA
colej101,Coleman,Joe,R,R,PHA
dillb102,Dillinger,Bob,R,R,PHA
fainf101,Fain,Ferris,L,L,PHA
fowld101,Fowler,Dick,R,R,PHA
guerm102,Guerra,Mike,R,R,PHA
guinb101,Guintini,Ben,R,R,PHA
hitcb101,Hitchcock,Billy,R,R,PHA
hoopb101,Hooper,Bob,R,R,PHA
joose101,Joost,Eddie,R,R,PHA
kella103,Kellner,Alex,R,L,PHA
kliee101,Klieman,Ed,R,R,PHA
kucaj101,Kucab,Johnny,R,R,PHA
lehnp101,Lehner,Paul,L,L,PHA
markg101,Markland,Gene,R,R,PHA
mccob101,McCosky,Barney,L,R,PHA
mccrl101,McCrabb,Les,R,R,PHA
mosew101,Moses,Wally,L,L,PHA
murrj102,Murray,Joe,L,L,PHA
ortir101,Ortiz,Roberto,R,R,PHA
rinkb101,Rinker,Bob,R,R,PHA
schec101,Scheib,Carl,R,R,PHA
shanb102,Shantz,Bobby,R,L,PHA
sudep101,Suder,Pete,R,R,PHA
tiptj101,Tipton,Joe,R,R,PHA
valoe101,Valo,Elmer,L,R,PHA
wahlk101,Wahl,Kermit,R,R,PHA
wellb101,Wellman,Bob,R,R,PHA
wyseh101,Wyse,Hank,R,R,PHA
ashbr101,Ashburn,Richie,L,R,PHI
blatj101,Blatnik,Johnny,R,R,PHI
blooj101,Bloodworth,Jimmy,R,R,PHI
boroh101,Borowy,Hank,R,R,PHI
britj102,Brittin,Jack,R,R,PHI
cabap101,Caballero,Putsy,R,R,PHI
candm101,Candini,Milo,R,R,PHI
churb101,Church,Bubba,R,R,PHI
donnb101,Donnelly,Blix,R,R,PHI
ennid101,Ennis,Del,R,R,PHI
golim101,Goliat,Mike,R,R,PHI
hamng102,Hamner,Granny,R,R,PHI
heink101,Heintzelman,Ken,R,L,PHI
holls101,Hollmig,Stan,R,R,PHI
johnk101,Johnson,Ken,L,L,PHI
jonew101,Jones,Willie,R,R,PHI
konsj101,Konstanty,Jim,R,R,PHI
lopas101,Lopata,Stan,R,R,PHI
mayoj101,Mayo,Jackie,L,R,PHI
meyer101,Meyer,Russ,B,R,PHI
millb103,Miller,Bob,R,R,PHI
nichb101,Nicholson,Bill,L,R,PHI
ridzs101,Ridzik,Steve,R,R,PHI
rober102,Roberts,Robin,B,R,PHI
semia101,Seminick,Andy,R,R,PHI
silvk101,Silvestri,Ken,B,R,PHI
simmc101,Simmons,Curt,L,L,PHI
sisld101,Sisler,Dick,L,R,PHI
stufp101,Stuffel,Paul,R,R,PHI
thomj101,Thompson,Jocko,L,L,PHI
waite101,Waitkus,Eddie,L,L,PHI
whitd103,Whitman,Dick,L,R,PHI
barrf104,Barrett,Frank,R,R,PIT
beart101,Beard,Ted,L,L,PIT
bellg103,Bell,Gus,L,R,PIT
beraj101,Berardino,Johnny,R,R,PIT
boroh101,Borowy,Hank,R,R,PIT
castp102,Castiglione,Pete,R,R,PIT
chamc102,Chambers,Cliff,L,L,PIT
chesb101,Chesnes,Bob,B,R,PIT
coogd102,Coogan,Dale,L,L,PIT
dickm101,Dickson,Murry,R,R,PIT
dillb102,Dillinger,Bob,R,R,PIT
fernn101,Fernandez,Nanny,R,R,PIT
fitze101,Fitz Gerald,Ed,R,R,PIT
gregh102,Gregg,Hal,R,R,PIT
gumbh101,Gumbert,Harry,R,R,PIT
hoppj102,Hopp,Johnny,L,L,PIT
kiner101,Kiner,Ralph,R,R,PIT
law-v101,Law,Vern,R,R,PIT
lombv101,Lombardi,Vic,L,L,PIT
macdb101,Macdonald,Bill,R,R,PIT
mainw102,Main,Woody,R,R,PIT
mccaw102,McCall,Windy,L,L,PIT
mccuc101,McCullough,Clyde,R,R,PIT
muelr101,Mueller,Ray,R,R,PIT
murtd101,Murtaugh,Danny,R,R,PIT
ocond101,O'Connell,Danny,R,R,PIT
papif101,Papish,Frank,R,L,PIT
philj101,Phillips,Jack,R,R,PIT
pierb102,Pierro,Bill,R,R,PIT
queem101,Queen,Mel,R,R,PIT
rickm101,Rickert,Marv,L,R,PIT
rojes101,Rojek,Stan,R,R,PIT
safft101,Saffell,Tom,L,R,PIT
scheh103,Schenz,Hank,R,R,PIT
steve101,Stevens,Ed,L,L,PIT
strig102,Strickland,George,R,R,PIT
turne101,Turner,Earl,R,R,PIT
walsj107,Walsh,Junior,R,R,PIT
werlb101,Werle,Bill,L,L,PIT
westw102,Westlake,Wally,R,R,PIT
albre101,Albrecht,Ed,R,R,SLA
arfth101,Arft,Hank,L,L,SLA
bauer101,Bauers,Russ,L,R,SLA
brunj101,Bruner,Jack,L,L,SLA
coler102,Coleman,Ray,L,R,SLA
delsj101,Delsing,Jim,L,R,SLA
demab101,DeMars,Billy,R,R,SLA
dorif101,Dorish,Fritz,R,R,SLA
fannc101,Fannin,Cliff,L,R,SLA
ferrt101,Ferrick,Tom,R,R,SLA
finet101,Fine,Tommy,B,R,SLA
frieo101,Friend,Owen,R,R,SLA
garvn102,Garver,Ned,R,R,SLA
gustf101,Gustine,Frankie,R,R,SLA
johnd102,Johnson,Don,R,R,SLA
kennb103,Kennedy,Bill,L,L,SLA
kokod101,Kokos,Dick,L,L,SLA
kretl101,Kretlow,Lou,R,R,SLA
lenhd101,Lenhardt,Don,R,R,SLA
lolls101,Lollar,Sherm,R,R,SLA
marsc101,Marshall,Cuddles,R,R,SLA
mossl101,Moss,Les,R,R,SLA
ostrj101,Ostrowski,Joe,L,L,SLA
overs101,Overmire,Stubby,R,L,SLA
pilld101,Pillette,Duane,R,R,SLA
raner101,Raney,Ribs,R,R,SLA
schas101,Schacht,Sid,R,R,SLA
sievr101,Sievers,Roy,R,R,SLA
sleal101,Sleater,Lou,L,L,SLA
sommb101,Sommers,Bill,R,R,SLA
stard102,Starr,Dick,R,R,SLA
stirs101,Stirnweiss,Snuffy,R,R,SLA
thoml102,Thomas,Leo,R,R,SLA
uptot101,Upton,Tom,R,R,SLA
widma101,Widmar,Al,R,R,SLA
woodk101,Wood,Ken,R,R,SLA
bilks101,Bilko,Steve,R,R,SLN
blatj101,Blatnik,Johnny,R,R,SLN
bolld101,Bollweg,Don,L,L,SLN
boyec101,Boyer,Cloyd,R,R,SLN
braza101,Brazle,Al,L,L,SLN
brech101,Brecheen,Harry,L,L,SLN
buchj104,Bucha,Johnny,R,R,SLN
dealc101,Deal,Cot,B,R,SLN
dierc101,Diering,Chuck,R,R,SLN
dusae101,Dusak,Erv,R,R,SLN
garaj101,Garagiola,Joe,L,R,SLN
gardd101,Gardella,Danny,L,L,SLN
glavt101,Glaviano,Tommy,R,R,SLN
hearj102,Hearn,Jim,R,R,SLN
hemus101,Hemus,Solly,L,R,SLN
howeb101,Howerton,Bill,L,R,SLN
johnk101,Johnson,Ken,L,L,SLN
jonen101,Jones,Nippy,R,R,SLN
kazae101,Kazak,Eddie,R,R,SLN
lanim101,Lanier,Max,R,L,SLN
lindj101,Lindell,Johnny,R,R,SLN
lowrp101,Lowrey,Peanuts,R,R,SLN
marim101,Marion,Marty,R,R,SLN
martf101,Martin,Fred,R,R,SLN
micke101,Mickelson,Ed,R,R,SLN
miere101,Mierkowicz,Ed,R,R,SLN
mille104,Miller,Eddie,R,R,SLN
mungr101,Munger,Red,R,R,SLN
musis101,Musial,Stan,L,L,SLN
nelsr103,Nelson,Rocky,L,L,SLN
papaa101,Papai,Al,R,R,SLN
pohot101,Poholsky,Tom,R,R,SLN
pollh101,Pollet,Howie,L,L,SLN
riced101,Rice,Del,R,R,SLN
riceh102,Rice,Hal,L,R,SLN
schor101,Schoendienst,Red,B,R,SLN
slaue101,Slaughter,Enos,L,R,SLN
stalg103,Staley,Gerry,R,R,SLN
walkh102,Walker,Harry,L,R,SLN
wilkt101,Wilks,Ted,R,R,SLN
bearg102,Bearden,Gene,L,L,WS1
coang101,Coan,Gil,L,R,WS1
combm101,Combs,Merl,L,R,WS1
conss101,Consuegra,Sandy,R,R,WS1
dents101,Dente,Sam,R,R,WS1
evana101,Evans,Al,R,R,WS1
genog101,Genovese,George,L,R,WS1
grasm101,Grasso,Mickey,R,R,WS1
harrm101,Harris,Mickey,L,L,WS1
haynj101,Haynes,Joe,R,R,WS1
hittl101,Hittle,Lloyd,R,L,WS1
hudss101,Hudson,Sid,R,R,WS1
kellh103,Keller,Hal,L,R,WS1
kozaa101,Kozar,Al,R,R,WS1
kuzab101,Kuzava,Bob,B,L,WS1
marrc101,Marrero,Connie,R,R,WS1
martr102,Martinez,Rogelio,R,R,WS1
meles101,Mele,Sam,R,R,WS1
michc101,Michaels,Cass,R,R,WS1
morej102,Moreno,Julio,R,R,WS1
nagys101,Nagy,Steve,L,L,WS1
norei101,Noren,Irv,L,L,WS1
obrit103,O'Brien,Tommy,R,R,WS1
okril101,Okrie,Len,R,R,WS1
ortir101,Ortiz,Roberto,R,R,WS1
ostrj102,Ostrowski,Johnny,R,R,WS1
pascc101,Pascual,Carlos,R,R,WS1
pearj101,Pearce,Jim,R,R,WS1
robes102,Robertson,Sherry,L,R,WS1
robie101,Robinson,Eddie,L,R,WS1
rossb101,Ross,Bob,R,L,WS1
scarr102,Scarborough,Ray,R,R,WS1
simaa101,Sima,Al,R,L,WS1
singe101,Singleton,Elmer,R,R,WS1
stewb101,Stewart,Bud,L,R,WS1
taylf101,Taylor,Fred,L,R,WS1
vernm101,Vernon,Mickey,L,L,WS1
vollc101,Vollmer,Clyde,R,R,WS1
weikd101,Weik,Dick,R,R,WS1
weltd101,Welteroth,Dick,R,R,WS1
yoste101,Yost,Eddie,R,R,WS1
