PlayerID,LastName,FirstName,Bats,Pitches,Team
achta001,Achter,A.J.,R,R,ANA
albua001,Alburquerque,Al,R,R,ANA
alvaj003,Alvarez,Jose,L,L,ANA
baila001,Bailey,Andrew,R,R,ANA
bandj001,Bandy,Jett,R,R,ANA
bedrc001,Bedrosian,Cam,R,R,ANA
bussn001,Buss,Nick,L,R,ANA
calhk001,Calhoun,Kole,L,L,ANA
chacj001,Chacin,Jhoulys,R,R,ANA
choij001,Choi,Ji-Man,L,R,ANA
cowak001,Cowart,Kaleb,B,R,ANA
cronc002,Cron,C.J.,R,R,ANA
cunnt001,Cunningham,Todd,B,R,ANA
ege-c001,Ege,Cody,L,L,ANA
escoy001,Escobar,Yunel,R,R,ANA
gentc001,Gentry,Craig,R,R,ANA
giavj001,Giavotella,Johnny,R,R,ANA
gratj001,Graterol,Juan,R,R,ANA
guerd001,Guerra,Deolis,R,R,ANA
guerj002,Guerra,Javy,R,R,ANA
heana001,Heaney,Andrew,L,L,ANA
huffd001,Huff,David,B,L,ANA
linct001,Lincecum,Tim,L,R,ANA
mahlg001,Mahle,Greg,L,L,ANA
martj007,Marte,Jefry,R,R,ANA
meyea001,Meyer,Alex,R,R,ANA
morim002,Morin,Mike,R,R,ANA
navad002,Nava,Daniel,B,L,ANA
nolar001,Nolasco,Ricky,R,R,ANA
oberb001,Oberholtzer,Brett,L,L,ANA
orter001,Ortega,Rafael,L,R,ANA
pennc001,Pennington,Cliff,B,R,ANA
perec003,Perez,Carlos,R,R,ANA
petig001,Petit,Gregorio,R,R,ANA
pujoa001,Pujols,Albert,R,R,ANA
ramij002,Ramirez,J.C.,R,R,ANA
rasmc002,Rasmus,Cory,R,R,ANA
richg002,Richards,Garrett,R,R,ANA
robis001,Robinson,Shane,R,R,ANA
ryanb002,Ryan,Brendan,R,R,ANA
salaf001,Salas,Fernando,R,R,ANA
santh001,Santiago,Hector,R,L,ANA
shoem001,Shoemaker,Matt,R,R,ANA
simma001,Simmons,Andrelton,R,R,ANA
skagt001,Skaggs,Tyler,L,L,ANA
smitj002,Smith,Joe,R,R,ANA
sotog001,Soto,Geovany,R,R,ANA
streh001,Street,Huston,R,R,ANA
tropn001,Tropeano,Nick,R,R,ANA
troum001,Trout,Mike,R,R,ANA
valdj003,Valdez,Jose,R,R,ANA
weavj003,Weaver,Jered,R,R,ANA
wrigd003,Wright,Daniel,R,R,ANA
ahmen001,Ahmed,Nick,R,R,ARI
barrj002,Barrett,Jake,R,R,ARI
bourm001,Bourn,Michael,L,R,ARI
bracs001,Bracho,Silvino,R,R,ARI
brada001,Bradley,Archie,R,R,ARI
brits001,Brito,Socrates,L,L,ARI
burge002,Burgos,Enrique,R,R,ARI
buscm002,Buschmann,Matt,R,R,ARI
campv001,Campos,Vicente,R,R,ARI
castw002,Castillo,Welington,R,R,ARI
chafa001,Chafin,Andrew,R,L,ARI
clipt001,Clippard,Tyler,R,R,ARI
collj001,Collmenter,Josh,R,R,ARI
corbp001,Corbin,Patrick,L,L,ARI
curtz001,Curtis,Zac,L,L,ARI
delar003,de la Rosa,Rubby,R,R,ARI
delgr001,Delgado,Randall,R,R,ARI
drabk001,Drabek,Kyle,R,R,ARI
drurb001,Drury,Brandon,R,R,ARI
escoe002,Escobar,Edwin,L,L,ARI
freem002,Freeman,Mike,L,R,ARI
godlz001,Godley,Zack,R,R,ARI
goldp001,Goldschmidt,Paul,R,R,ARI
goset001,Gosewisch,Tuffy,R,R,ARI
gossp001,Gosselin,Phil,R,R,ARI
greiz001,Greinke,Zack,R,R,ARI
hanim001,Haniger,Mitch,R,R,ARI
haths001,Hathaway,Steve,L,L,ARI
herno002,Hernandez,Oscar,R,R,ARI
herrc001,Herrmann,Chris,L,R,ARI
hessk001,Hessler,Keith,L,L,ARI
hudsd001,Hudson,Daniel,R,R,ARI
jensk001,Jensen,Kyle,R,L,ARI
kochm001,Koch,Matt,L,R,ARI
lambj001,Lamb,Jake,L,R,ARI
leond003,Leone,Dominic,R,R,ARI
loewa001,Loewen,Adam,L,L,ARI
marse001,Marshall,Evan,R,R,ARI
mills001,Miller,Shelby,R,R,ARI
obrip002,O'Brien,Peter,R,R,ARI
owinc001,Owings,Chris,R,R,ARI
perad001,Peralta,David,L,L,ARI
polla001,Pollock,A.J.,R,R,ARI
ray-r002,Ray,Robbie,L,L,ARI
seguj002,Segura,Jean,R,R,ARI
shipb001,Shipley,Braden,R,R,ARI
tomay001,Tomas,Yasmany,R,R,ARI
wagnt001,Wagner,Tyler,R,R,ARI
weekr001,Weeks,Rickie,R,R,ARI
ziegb001,Ziegler,Brad,R,R,ARI
alvad001,Alvarez,Dario,L,L,ATL
aybae001,Aybar,Erick,B,R,ATL
beckg001,Beckham,Gordon,R,R,ATL
blaia001,Blair,Aaron,R,R,ATL
bonie001,Bonifacio,Emilio,B,R,ATL
bradj002,Bradley,Jed,L,L,ATL
brigr001,Brignac,Reid,L,R,ATL
cabrm003,Cabrera,Mauricio,R,R,ATL
castd001,Castro,Daniel,R,R,ATL
cervh001,Cervenka,Hunter,L,L,ATL
chacj001,Chacin,Jhoulys,R,R,ATL
collj001,Collmenter,Josh,R,R,ATL
cunnb001,Cunniff,Brandon,R,R,ATL
darnc001,d'Arnaud,Chase,R,R,ATL
delaj003,De La Cruz,Joel,R,R,ATL
flowt001,Flowers,Tyler,R,R,ATL
foltm001,Foltynewicz,Mike,R,R,ATL
franj004,Francoeur,Jeff,R,R,ATL
freef001,Freeman,Freddie,L,R,ATL
gantj002,Gant,John,R,R,ATL
garca004,Garcia,Adonis,R,R,ATL
grilj001,Grilli,Jason,R,R,ATL
harrl002,Harrell,Lucas,B,R,ATL
carmf001,Hernandez,Roberto,R,R,ATL
hursj004,Hursh,Jason,R,R,ATL
incie001,Inciarte,Ender,L,L,ATL
jenkt001,Jenkins,Tyrell,R,R,ATL
johnj010,Johnson,Jim,R,R,ATL
johnk003,Johnson,Kelly,L,R,ATL
kellc001,Kelly,Casey,R,R,ATL
kempm001,Kemp,Matt,R,R,ATL
kroli001,Krol,Ian,L,L,ATL
lallb001,Lalli,Blake,L,R,ATL
markn001,Markakis,Nick,L,L,ATL
markm001,Marksberry,Matt,L,L,ATL
norrb001,Norris,Bud,R,R,ATL
ogana001,Ogando,Alexi,R,R,ATL
oflae001,O'Flaherty,Eric,L,L,ATL
olivh001,Olivera,Hector,R,R,ATL
perew001,Perez,Williams,R,R,ATL
petej002,Peterson,Jace,L,R,ATL
piera001,Pierzynski,A.J.,L,R,ATL
ramij004,Ramirez,Jose,R,R,ATL
recka001,Recker,Anthony,R,R,ATL
roe-c001,Roe,Chaz,R,R,ATL
ruizr002,Ruiz,Rio,L,R,ATL
simms001,Simmons,Shae,R,R,ATL
smitm007,Smith,Mallex,L,R,ATL
snydb003,Snyder,Brandon,R,R,ATL
stubd001,Stubbs,Drew,R,R,ATL
swand001,Swanson,Dansby,R,R,ATL
tehej001,Teheran,Julio,R,R,ATL
tuiam001,Tuiasosopo,Matt,R,R,ATL
vizca001,Vizcaino,Arodys,R,R,ATL
weber001,Weber,Ryan,R,R,ATL
whalr001,Whalen,Rob,R,R,ATL
winkd001,Winkler,Daniel,R,R,ATL
wislm001,Wisler,Matt,R,R,ATL
withc001,Withrow,Chris,R,R,ATL
younm005,Younginer,Madison,R,R,ATL
alvad002,Alvarez,Dariel,R,R,BAL
alvap001,Alvarez,Pedro,L,R,BAL
aquij001,Aquino,Jayson,L,L,BAL
borbj001,Borbon,Julio,L,L,BAL
bourm001,Bourn,Michael,L,R,BAL
bracb001,Brach,Brad,R,R,BAL
bridp001,Bridwell,Parker,R,R,BAL
britz001,Britton,Zach,L,L,BAL
bundd001,Bundy,Dylan,B,R,BAL
davic003,Davis,Chris,L,R,BAL
despo001,Despaigne,Odrisamer,R,R,BAL
drako001,Drake,Oliver,R,R,BAL
duenb001,Duensing,Brian,L,L,BAL
flahr001,Flaherty,Ryan,L,R,BAL
gally001,Gallardo,Yovani,R,R,BAL
gausk001,Gausman,Kevin,L,R,BAL
givem001,Givens,Mychal,R,R,BAL
hardj003,Hardy,J.J.,R,R,BAL
hartd002,Hart,Donnie,L,L,BAL
huntt002,Hunter,Tommy,R,R,BAL
janip001,Janish,Paul,R,R,BAL
jimeu001,Jimenez,Ubaldo,R,R,BAL
jonea003,Jones,Adam,R,R,BAL
josec002,Joseph,Caleb,R,R,BAL
kim-h001,Kim,Hyun Soo,L,R,BAL
machm001,Machado,Manny,R,R,BAL
manct001,Mancini,Trey,R,R,BAL
miraa002,Miranda,Ariel,L,L,BAL
matub001,Matusz,Brian,L,L,BAL
mcfat001,McFarland,T.J.,L,L,BAL
milew001,Miley,Wade,L,L,BAL
odayd001,O'Day,Darren,R,R,BAL
ondrl001,Ondrusek,Logan,R,R,BAL
pears001,Pearce,Steve,R,R,BAL
penaf001,Pena,Francisco,R,R,BAL
reimn001,Reimold,Nolan,R,R,BAL
rickj001,Rickard,Joey,R,L,BAL
roe-c001,Roe,Chaz,R,R,BAL
schoj001,Schoop,Jonathan,R,R,BAL
stubd001,Stubbs,Drew,R,R,BAL
tillc001,Tillman,Chris,R,R,BAL
tolla001,Tolliver,Ashur,L,L,BAL
trumm001,Trumbo,Mark,R,R,BAL
wietm001,Wieters,Matt,B,R,BAL
wilst004,Wilson,Tyler,R,R,BAL
worlv001,Worley,Vance,R,R,BAL
wrigm001,Wright,Mike,R,R,BAL
abadf001,Abad,Fernando,L,L,BOS
barnm001,Barnes,Matt,R,R,BOS
benia002,Benintendi,Andrew,L,L,BOS
bettm001,Betts,Mookie,R,R,BOS
bogax001,Bogaerts,Xander,R,R,BOS
bradj001,Bradley,Jackie,L,R,BOS
brenb002,Brentz,Bryce,R,R,BOS
buchc001,Buchholz,Clay,L,R,BOS
castr004,Castillo,Rusney,R,R,BOS
cuevw001,Cuevas,William,R,R,BOS
eliar001,Elias,Roenis,L,L,BOS
hanir001,Hanigan,Ryan,R,R,BOS
hembh001,Hembree,Heath,R,R,BOS
hernm003,Hernandez,Marco,L,R,BOS
hilla001,Hill,Aaron,R,R,BOS
holab001,Holaday,Bryan,R,R,BOS
holtb002,Holt,Brock,L,R,BOS
kellj001,Kelly,Joe,R,R,BOS
kimbc001,Kimbrel,Craig,R,R,BOS
lamar001,LaMarre,Ryan,R,L,BOS
laynt001,Layne,Tom,L,L,BOS
leons001,Leon,Sandy,B,R,BOS
lighp001,Light,Pat,R,R,BOS
marrd001,Marrero,Deven,R,R,BOS
martm003,Martinez,Michael,B,R,BOS
millm003,Miller,Mike,R,R,BOS
moncy001,Moncada,Yoan,B,R,BOS
ortid001,Ortiz,David,L,L,BOS
osuls001,O'Sullivan,Sean,R,R,BOS
owenh002,Owens,Henry,L,L,BOS
pedrd001,Pedroia,Dustin,R,R,BOS
pomed001,Pomeranz,Drew,R,L,BOS
porcr001,Porcello,Rick,R,R,BOS
pricd001,Price,David,L,L,BOS
ramih003,Ramirez,Hanley,R,R,BOS
ramin002,Ramirez,Noe,R,R,BOS
rodre004,Rodriguez,Eduardo,L,L,BOS
rossr002,Ross,Robbie,L,L,BOS
rutlj001,Rutledge,Josh,R,R,BOS
sandp001,Sandoval,Pablo,B,R,BOS
scotr001,Scott,Robby,B,L,BOS
shawt001,Shaw,Travis,L,R,BOS
smitc004,Smith,Carson,R,R,BOS
swihb001,Swihart,Blake,B,R,BOS
tazaj001,Tazawa,Junichi,R,R,BOS
uehak001,Uehara,Koji,R,R,BOS
vazqc001,Vazquez,Christian,R,R,BOS
wrigs001,Wright,Steven,R,R,BOS
younc004,Young,Chris,R,R,BOS
ziegb001,Ziegler,Brad,R,R,BOS
abrej003,Abreu,Jose,R,R,CHA
albem001,Albers,Matt,L,R,CHA
andet001,Anderson,Tim,R,R,CHA
avila001,Avila,Alex,L,R,CHA
beckc002,Beck,Chris,R,R,CHA
cabrm002,Cabrera,Melky,B,L,CHA
carrs001,Carroll,Scott,R,R,CHA
coatj001,Coats,Jason,R,R,CHA
danit001,Danish,Tyler,R,R,CHA
dankj001,Danks,John,L,L,CHA
davim005,Davidson,Matt,R,R,CHA
dukez001,Duke,Zach,L,L,CHA
eatoa002,Eaton,Adam,L,L,CHA
frazt001,Frazier,Todd,R,R,CHA
fulmc001,Fulmer,Carson,R,R,CHA
garca003,Garcia,Avisail,R,R,CHA
garcl004,Garcia,Leury,B,R,CHA
gonzm003,Gonzalez,Miguel,R,R,CHA
jacka001,Jackson,Austin,R,R,CHA
jennd003,Jennings,Dan,L,L,CHA
johne003,Johnson,Erik,R,R,CHA
jonen001,Jones,Nate,R,R,CHA
kahnt001,Kahnle,Tommy,R,R,CHA
latom001,Latos,Mat,R,R,CHA
lawrb002,Lawrie,Brett,R,R,CHA
minaj001,Minaya,Juan,R,R,CHA
mornj001,Morneau,Justin,L,R,CHA
narvo001,Narvaez,Omar,L,R,CHA
navad001,Navarro,Dioner,B,R,CHA
petrj001,Petricka,Jake,R,R,CHA
purkm001,Purke,Matt,L,L,CHA
putnz001,Putnam,Zach,R,R,CHA
quinj001,Quintana,Jose,R,L,CHA
ranaa001,Ranaudo,Anthony,R,R,CHA
robed002,Robertson,David,R,R,CHA
rodoc001,Rodon,Carlos,L,L,CHA
rollj001,Rollins,Jimmy,B,R,CHA
salat001,Saladino,Tyler,R,R,CHA
salec001,Sale,Chris,L,L,CHA
sancc001,Sanchez,Carlos,B,R,CHA
sanch002,Sanchez,Hector,B,R,CHA
sandj002,Sands,Jerry,R,R,CHA
shiej002,Shields,James,R,R,CHA
shucj001,Shuck,J.B.,L,L,CHA
smitb006,Smith,Blake,L,R,CHA
smitk002,Smith,Kevan,R,R,CHA
tilsc001,Tilson,Charlie,L,L,CHA
turnj002,Turner,Jacob,R,R,CHA
webbd001,Webb,Daniel,R,R,CHA
ynoam001,Ynoa,Michael,R,R,CHA
almoa002,Almora,Albert,R,R,CHN
arrij001,Arrieta,Jake,R,R,CHN
baezj001,Baez,Javier,R,R,CHN
bryak001,Bryant,Kris,R,R,CHN
buchj001,Buchanan,Jake,R,R,CHN
cahit001,Cahill,Trevor,R,R,CHN
candj002,Candelario,Jeimer,B,R,CHN
chapa001,Chapman,Aroldis,L,L,CHN
coghc001,Coghlan,Chris,L,R,CHN
concg001,Concepcion,Gerardo,L,L,CHN
contw001,Contreras,Willson,R,R,CHN
edwac001,Edwards,Carl,R,R,CHN
fedet001,Federowicz,Tim,R,R,CHN
fowld001,Fowler,Dexter,B,R,CHN
grimj002,Grimm,Justin,R,R,CHN
hammj002,Hammel,Jason,R,R,CHN
hendk001,Hendricks,Kyle,R,R,CHN
heywj001,Heyward,Jason,L,L,CHN
kalir001,Kalish,Ryan,L,L,CHN
kawam001,Kawasaki,Munenori,L,R,CHN
lackj001,Lackey,John,R,R,CHN
lastt001,La Stella,Tommy,L,R,CHN
lestj001,Lester,Jon,L,L,CHN
matub001,Matusz,Brian,L,L,CHN
montm001,Montero,Miguel,L,R,CHN
montm002,Montgomery,Mike,L,L,CHN
nathj001,Nathan,Joe,R,R,CHN
patts002,Patton,Spencer,R,R,CHN
penaf002,Pena,Felix,R,R,CHN
peraj002,Peralta,Joel,R,R,CHN
ramin001,Ramirez,Neil,R,R,CHN
richc002,Richard,Clayton,L,L,CHN
rizza001,Rizzo,Anthony,L,L,CHN
rondh001,Rondon,Hector,R,R,CHN
rossd001,Ross,David,R,R,CHN
russa002,Russell,Addison,R,R,CHN
schwk001,Schwarber,Kyle,L,R,CHN
smitj002,Smith,Joe,R,R,CHN
solej001,Soler,Jorge,R,R,CHN
strop001,Strop,Pedro,R,R,CHN
szczm001,Szczur,Matt,R,R,CHN
warra001,Warren,Adam,R,R,CHN
woodt004,Wood,Travis,R,L,CHN
zastr001,Zastryzny,Rob,R,L,CHN
zobrb001,Zobrist,Ben,B,R,CHN
adlet001,Adleman,Tim,R,R,CIN
bailh001,Bailey,Homer,R,R,CIN
barnt001,Barnhart,Tucker,B,R,CIN
brucj001,Bruce,Jay,L,L,CIN
cabrr001,Cabrera,Ramon,B,R,CIN
cingt001,Cingrani,Tony,L,L,CIN
cothc001,Cotham,Caleb,R,R,CIN
cozaz001,Cozart,Zack,R,R,CIN
dejei002,De Jesus,Ivan,R,R,CIN
delas001,Delabar,Steve,R,R,CIN
deloa001,de los Santos,Abel,R,R,CIN
desca001,DeSclafani,Anthony,R,R,CIN
diazd001,Diaz,Dayan,R,R,CIN
diazj005,Diaz,Jumbo,R,R,CIN
duvaa001,Duvall,Adam,R,R,CIN
finnb001,Finnegan,Brandon,L,L,CIN
hamib001,Hamilton,Billy,B,R,CIN
hayed001,Hayes,Drew,R,R,CIN
holtt001,Holt,Tyler,R,R,CIN
hoovj002,Hoover,J.J.,R,R,CIN
igler001,Iglesias,Raisel,R,R,CIN
iribh001,Iribarren,Hernan,L,R,CIN
kivlp001,Kivlehan,Patrick,R,R,CIN
lambj002,Lamb,John,L,L,CIN
loper002,Lopez,Rafael,L,R,CIN
lorem002,Lorenzen,Michael,R,R,CIN
magim001,Magill,Matt,R,R,CIN
melvt001,Melville,Tim,R,R,CIN
mesod001,Mesoraco,Devin,R,R,CIN
morra002,Morris,A.J.,R,R,CIN
moscj001,Moscot,Jon,R,R,CIN
ohler001,Ohlendorf,Ross,R,R,CIN
pachj001,Pacheco,Jordan,R,R,CIN
peraw002,Peralta,Wandy,L,L,CIN
peraj003,Peraza,Jose,R,R,CIN
philb001,Phillips,Brandon,R,R,CIN
ramij002,Ramirez,J.C.,R,R,CIN
reedc002,Reed,Cody,L,L,CIN
rendt001,Renda,Tony,R,R,CIN
sampk001,Sampson,Keyvius,R,R,CIN
sches001,Schebler,Scott,L,R,CIN
selss001,Selsky,Steve,R,R,CIN
simoa001,Simon,Alfredo,R,R,CIN
smitj004,Smith,Josh,R,R,CIN
somsl001,Somsen,Layne,R,R,CIN
stepr002,Stephenson,Robert,R,R,CIN
strad003,Straily,Dan,R,R,CIN
suare001,Suarez,Eugenio,R,R,CIN
vottj001,Votto,Joey,L,R,CIN
waldk002,Waldrop,Kyle,L,L,CIN
woodb004,Wood,Blake,R,R,CIN
wrigd003,Wright,Daniel,R,R,CIN
adama001,Adams,Austin,R,R,CLE
aguij001,Aguilar,Jesus,R,R,CLE
allec002,Allen,Cody,R,R,CLE
almoa001,Almonte,Abraham,B,R,CLE
andec002,Anderson,Cody,R,R,CLE
armss001,Armstrong,Shawn,R,R,CLE
bauet001,Bauer,Trevor,R,R,CLE
branm003,Brantley,Michael,L,L,CLE
byrdm001,Byrd,Marlon,R,R,CLE
carrc003,Carrasco,Carlos,R,R,CLE
chamj002,Chamberlain,Joba,R,R,CLE
chisl001,Chisenhall,Lonnie,L,R,CLE
clevm001,Clevinger,Mike,R,R,CLE
coloj002,Colon,Joseph,R,R,CLE
cowgc001,Cowgill,Collin,R,L,CLE
crisc001,Crisp,Coco,B,R,CLE
crock001,Crockett,Kyle,L,L,CLE
davir003,Davis,Rajai,R,R,CLE
detwr001,Detwiler,Ross,R,L,CLE
garnp002,Garner,Perci,R,R,CLE
gimec001,Gimenez,Chris,R,R,CLE
gomey001,Gomes,Yan,R,R,CLE
gonze004,Gonzalez,Erik,R,R,CLE
gorzt001,Gorzelanny,Tom,L,L,CLE
guyeb001,Guyer,Brandon,R,R,CLE
houst002,House,TJ,R,L,CLE
huntt002,Hunter,Tommy,R,R,CLE
kipnj001,Kipnis,Jason,L,R,CLE
klubc001,Kluber,Corey,R,R,CLE
lindf001,Lindor,Francisco,B,R,CLE
mansj001,Manship,Jeff,R,R,CLE
martm003,Martinez,Michael,B,R,CLE
mcalz001,McAllister,Zach,R,R,CLE
merrr001,Merritt,Ryan,L,L,CLE
milla002,Miller,Andrew,L,L,CLE
moora001,Moore,Adam,R,R,CLE
moris001,Morimando,Shawn,L,L,CLE
napom001,Napoli,Mike,R,R,CLE
naqut001,Naquin,Tyler,L,R,CLE
oterd001,Otero,Dan,R,R,CLE
perer003,Perez,Roberto,R,R,CLE
pluta001,Plutko,Adam,R,R,CLE
ramij003,Ramirez,Jose,B,R,CLE
salad001,Salazar,Danny,L,R,CLE
santc002,Santana,Carlos,B,R,CLE
shawb001,Shaw,Bryan,B,R,CLE
tomlj001,Tomlin,Josh,R,R,CLE
uribj002,Uribe,Juan,R,R,CLE
adamc001,Adames,Cristhian,B,R,COL
andet002,Anderson,Tyler,L,L,COL
arenn001,Arenado,Nolan,R,R,COL
barnb002,Barnes,Brandon,R,R,COL
bergc001,Bergman,Christian,R,R,COL
bettc001,Bettis,Chad,R,R,COL
blacc001,Blackmon,Charlie,L,L,COL
butle001,Butler,Eddie,R,R,COL
caram001,Carasiti,Matt,R,R,COL
cards001,Cardullo,Stephen,R,R,COL
castm002,Castro,Miguel,R,R,COL
chatt001,Chatwood,Tyler,R,R,COL
dahld001,Dahl,David,L,R,COL
delaj001,de la Rosa,Jorge,L,L,COL
descd001,Descalso,Daniel,L,R,COL
estec001,Estevez,Carlos,R,R,COL
flany001,Flande,Yohan,L,L,COL
garnd001,Garneau,Dustin,R,R,COL
germg001,Germen,Gonzalez,R,R,COL
gonzc001,Gonzalez,Carlos,L,L,COL
grayj003,Gray,Jon,R,R,COL
gurkj001,Gurka,Jason,L,L,COL
haled001,Hale,David,R,R,COL
hoffj003,Hoffman,Jeff,R,R,COL
hundn001,Hundley,Nick,R,R,COL
lemad001,LeMahieu,DJ,R,R,COL
logab001,Logan,Boone,R,L,COL
lylej001,Lyles,Jordan,R,R,COL
marqg001,Marquez,German,R,R,COL
mcgej001,McGee,Jake,L,L,COL
millj006,Miller,Justin,R,R,COL
mottj001,Motte,Jason,R,R,COL
murpt002,Murphy,Tom,R,R,COL
obers001,Oberg,Scott,R,R,COL
ottaa001,Ottavino,Adam,L,R,COL
parrg001,Parra,Gerardo,L,L,COL
pattj005,Patterson,Jordan,L,L,COL
paulb001,Paulsen,Ben,L,R,COL
qualc001,Qualls,Chad,R,R,COL
rabur001,Raburn,Ryan,R,R,COL
reynm001,Reynolds,Mark,R,R,COL
rusic001,Rusin,Chris,L,L,COL
stort001,Story,Trevor,R,R,COL
tapir001,Tapia,Raimel,L,L,COL
valap001,Valaika,Pat,R,R,COL
woltt001,Wolters,Tony,L,R,COL
ynoar001,Ynoa,Rafael,B,R,COL
avilm001,Aviles,Mike,R,R,DET
aybae001,Aybar,Erick,B,R,DET
boydm001,Boyd,Matt,L,L,DET
cabrm001,Cabrera,Miguel,R,R,DET
castn001,Castellanos,Nick,R,R,DET
collt002,Collins,Tyler,L,L,DET
farmb001,Farmer,Buck,L,R,DET
fulmm001,Fulmer,Michael,R,R,DET
gosea001,Gose,Anthony,L,L,DET
grees005,Greene,Shane,R,R,DET
hardb001,Hardy,Blaine,L,L,DET
hickj001,Hicks,John,R,R,DET
iglej001,Iglesias,Jose,R,R,DET
jonej006,Jones,JaCoby,R,R,DET
kensl001,Kensing,Logan,R,R,DET
kinsi001,Kinsler,Ian,R,R,DET
lowem002,Lowe,Mark,L,R,DET
machd001,Machado,Dixon,R,R,DET
mantj002,Mantiply,Joe,R,L,DET
martj006,Martinez,J.D.,R,R,DET
martv001,Martinez,Victor,B,R,DET
maybc001,Maybin,Cameron,R,R,DET
mccaj001,McCann,James,R,R,DET
mcgec001,McGehee,Casey,R,R,DET
molld001,Molleken,Dustin,L,R,DET
moyas001,Moya,Steven,L,R,DET
norrd002,Norris,Daniel,L,L,DET
parnb001,Parnell,Bobby,R,R,DET
pelfm001,Pelfrey,Mike,R,R,DET
presa001,Presley,Alex,L,L,DET
rodrf003,Rodriguez,Francisco,R,R,DET
romia001,Romine,Andrew,B,R,DET
rondb001,Rondon,Bruce,R,R,DET
ryank002,Ryan,Kyle,L,L,DET
saltj001,Saltalamacchia,Jarrod,B,R,DET
sanca004,Sanchez,Anibal,R,R,DET
saupw001,Saupold,Warwick,R,R,DET
uptoj001,Upton,Justin,R,R,DET
verhd001,VerHagen,Drew,R,R,DET
verlj001,Verlander,Justin,R,R,DET
wilsa001,Wilson,Alex,R,R,DET
wilsb002,Wilson,Bobby,R,R,DET
wilsj004,Wilson,Justin,L,L,DET
zimmj003,Zimmermann,Jordan,R,R,DET
altuj001,Altuve,Jose,R,R,HOU
brega001,Bregman,Alex,R,R,HOU
castj006,Castro,Jason,L,R,HOU
chapk002,Chapman,Kevin,L,L,HOU
corrc001,Correa,Carlos,R,R,HOU
devec001,Devenski,Chris,R,R,HOU
duffm003,Duffy,Matt,R,R,HOU
felds001,Feldman,Scott,L,R,HOU
felim001,Feliz,Michael,R,R,HOU
fielj002,Fields,Josh,R,R,HOU
fierm001,Fiers,Michael,R,R,HOU
fistd001,Fister,Doug,L,R,HOU
gatte001,Gattis,Evan,R,R,HOU
gilek001,Giles,Ken,R,R,HOU
gomec002,Gomez,Carlos,R,R,HOU
gonzm002,Gonzalez,Marwin,B,R,HOU
gregl001,Gregerson,Luke,L,R,HOU
gurry001,Gurriel,Yulieski,R,R,HOU
gustj001,Gustave,Jandel,R,R,HOU
harrw002,Harris,Will,R,R,HOU
hernt002,Hernandez,Teoscar,R,R,HOU
hoytj001,Hoyt,James,R,R,HOU
keucd001,Keuchel,Dallas,L,L,HOU
kempt001,Kemp,Tony,L,R,HOU
krate001,Kratz,Erik,R,R,HOU
marij002,Marisnick,Jake,R,R,HOU
mccul002,McCullers,Lance,L,R,HOU
mchuc001,McHugh,Collin,R,R,HOU
morac001,Moran,Colin,L,R,HOU
musgj001,Musgrove,Joe,R,R,HOU
neshp001,Neshek,Pat,B,R,HOU
pauld002,Paulino,David,R,R,HOU
peacb001,Peacock,Brad,R,R,HOU
rasmc001,Rasmus,Colby,L,L,HOU
reeda002,Reed,A.J.,L,L,HOU
rodgb001,Rodgers,Brady,R,R,HOU
sippt001,Sipp,Tony,L,L,HOU
sprig001,Springer,George,R,R,HOU
stasm001,Stassi,Max,R,R,HOU
tuckp001,Tucker,Preston,L,L,HOU
valbl001,Valbuena,Luis,L,R,HOU
whitt002,White,Tyler,R,R,HOU
wortd001,Worth,Danny,R,R,HOU
alexs001,Alexander,Scott,L,L,KCA
burnb002,Burns,Billy,B,R,KCA
buted001,Butera,Drew,R,R,KCA
cainl001,Cain,Lorenzo,R,R,KCA
coloc002,Colon,Christian,R,R,KCA
cruzt002,Cruz,Tony,R,R,KCA
cuthc001,Cuthbert,Cheslor,R,R,KCA
daviw001,Davis,Wade,R,R,KCA
dozih001,Dozier,Hunter,R,R,KCA
duffd001,Duffy,Danny,L,L,KCA
dysoj001,Dyson,Jarrod,L,R,KCA
eibnb001,Eibner,Brett,R,R,KCA
escoa003,Escobar,Alcides,R,R,KCA
flynb001,Flynn,Brian,L,L,KCA
fuenr001,Fuentes,Reymond,L,L,KCA
gee-d001,Gee,Dillon,R,R,KCA
gorda001,Gordon,Alex,L,R,KCA
goret001,Gore,Terrance,R,R,KCA
herrk001,Herrera,Kelvin,R,R,KCA
hochl001,Hochevar,Luke,R,R,KCA
hosme001,Hosmer,Eric,L,L,KCA
infao001,Infante,Omar,R,R,KCA
kenni001,Kennedy,Ian,R,R,KCA
mccak002,McCarthy,Kevin,R,R,KCA
medlk001,Medlen,Kris,B,R,KCA
merrw001,Merrifield,Whit,R,R,KCA
milla003,Mills,Alec,R,R,KCA
mondr003,Mondesi,Raul,B,R,KCA
morak001,Morales,Kendrys,B,R,KCA
mousm001,Moustakas,Mike,L,R,KCA
moylp001,Moylan,Peter,R,R,KCA
navad002,Nava,Daniel,B,L,KCA
orlap001,Orlando,Paulo,R,R,KCA
peres002,Perez,Salvador,R,R,KCA
pounb001,Pounders,Brooks,R,R,KCA
sorij001,Soria,Joakim,R,R,KCA
stram001,Strahm,Matt,R,L,KCA
vargj001,Vargas,Jason,L,L,KCA
venty001,Ventura,Yordano,R,R,KCA
volqe001,Volquez,Edinson,R,R,KCA
wangc001,Wang,Chien-Ming,R,R,KCA
younc003,Young,Chris,R,R,KCA
andeb004,Anderson,Brett,L,L,LAN
avill001,Avilan,Luis,L,L,LAN
baezp001,Baez,Pedro,R,R,LAN
barna001,Barnes,Austin,R,R,LAN
blanj001,Blanton,Joe,R,R,LAN
bolsm001,Bolsinger,Mike,R,R,LAN
chavj001,Chavez,Jesse,R,R,LAN
colel001,Coleman,Louis,R,R,LAN
crawc002,Crawford,Carl,L,L,LAN
culbc001,Culberson,Charlie,R,R,LAN
daytg001,Dayton,Grant,L,L,LAN
delej003,De Leon,Jose,R,R,LAN
ellia001,Ellis,A.J.,R,R,LAN
ethia001,Ethier,Andre,L,L,LAN
fienc001,Fien,Casey,R,R,LAN
fielj002,Fields,Josh,R,R,LAN
friac001,Frias,Carlos,R,R,LAN
garcy001,Garcia,Yimi,R,R,LAN
gonza003,Gonzalez,Adrian,L,L,LAN
grany001,Grandal,Yasmani,B,R,LAN
hatcc002,Hatcher,Chris,B,R,LAN
herne001,Hernandez,Enrique,R,R,LAN
hillr001,Hill,Rich,L,L,LAN
howej003,Howell,J.P.,L,L,LAN
jansk001,Jansen,Kenley,B,R,LAN
johnm006,Johnson,Micah,L,R,LAN
kazms001,Kazmir,Scott,L,L,LAN
kendh001,Kendrick,Howie,R,R,LAN
kersc001,Kershaw,Clayton,L,L,LAN
libea001,Liberatore,Adam,L,L,LAN
maedk001,Maeda,Kenta,R,R,LAN
mccab001,McCarthy,Brandon,R,R,LAN
norrb001,Norris,Bud,R,R,LAN
pedej001,Pederson,Joc,L,L,LAN
puigy001,Puig,Yasiel,R,R,LAN
ravij001,Ravin,Josh,R,R,LAN
reddj001,Reddick,Josh,L,R,LAN
ruizc001,Ruiz,Carlos,R,R,LAN
ryu-h001,Ryu,Hyun-Jin,R,L,LAN
seagc001,Seager,Corey,L,R,LAN
seger001,Segedin,Rob,R,R,LAN
stewb001,Stewart,Brock,L,R,LAN
strir001,Stripling,Ross,R,R,LAN
taylc001,Taylor,Chris,R,R,LAN
tepen001,Tepesch,Nick,R,R,LAN
thomt002,Thompson,Trayce,R,R,LAN
tolea001,Toles,Andrew,L,R,LAN
tsaoc001,Tsao,Chin-hui,R,R,LAN
turnj001,Turner,Justin,R,R,LAN
uriaj001,Urias,Julio,L,L,LAN
utlec001,Utley,Chase,L,R,LAN
vanss001,Van Slyke,Scott,R,R,LAN
venaw001,Venable,Will,L,L,LAN
waltz001,Walters,Zach,B,R,LAN
wooda002,Wood,Alex,R,L,LAN
andir001,Andino,Robert,R,R,MIA
arcio001,Arcia,Oswaldo,L,R,MIA
barrk002,Barraclough,Kyle,R,R,MIA
bourj002,Bour,Justin,L,R,MIA
bresc001,Breslow,Craig,L,L,MIA
brica001,Brice,Austin,R,R,MIA
casha001,Cashner,Andrew,R,R,MIA
cervh001,Cervenka,Hunter,L,L,MIA
chenw001,Chen,Wei-Yin,L,L,MIA
clemp002,Clemens,Paul,R,R,MIA
conla001,Conley,Adam,L,L,MIA
cosaj001,Cosart,Jarred,R,R,MIA
despo001,Despaigne,Odrisamer,R,R,MIA
dietd001,Dietrich,Derek,L,R,MIA
dunnm002,Dunn,Michael,L,L,MIA
ege-c001,Ege,Cody,L,L,MIA
ellib001,Ellington,Brian,R,R,MIA
eschj001,Esch,Jake,R,R,MIA
fernj003,Fernandez,Jose,R,R,MIA
flork002,Flores,Kendry,R,R,MIA
franj004,Francoeur,Jeff,R,R,MIA
gillc002,Gillespie,Cole,R,R,MIA
gordd002,Gordon,Dee,L,R,MIA
hallc001,Hall,Cody,R,R,MIA
hecha001,Hechavarria,Adeiny,R,R,MIA
hoodd001,Hood,Destin,R,R,MIA
jacke001,Jackson,Edwin,R,R,MIA
johnc003,Johnson,Chris,R,R,MIA
kelld001,Kelly,Don,L,R,MIA
koeht001,Koehler,Tom,R,R,MIA
mathj001,Mathis,Jeff,R,R,MIA
mcgod001,McGowan,Dustin,R,R,MIA
morrb002,Morris,Bryan,L,R,MIA
narvc001,Narveson,Chris,L,L,MIA
nicoj001,Nicolino,Justin,L,L,MIA
ogann001,Ogando,Nefi,R,R,MIA
ozunm001,Ozuna,Marcell,R,R,MIA
perey002,Perez,Yefri,B,R,MIA
pheld001,Phelps,David,R,R,MIA
pradm001,Prado,Martin,R,R,MIA
ramoa001,Ramos,A.J.,R,R,MIA
rea-c001,Rea,Colin,R,R,MIA
realj001,Realmuto,J.T.,R,R,MIA
reyej003,Reyes,Jo-Jo,L,L,MIA
rodnf001,Rodney,Fernando,R,R,MIA
rojam002,Rojas,Miguel,R,R,MIA
scrux001,Scruggs,Xavier,R,R,MIA
stanm004,Stanton,Giancarlo,R,R,MIA
suzui001,Suzuki,Ichiro,L,R,MIA
telit001,Telis,Tomas,B,R,MIA
urenj001,Urena,Jose,R,R,MIA
wittn001,Wittgren,Nick,R,R,MIA
yelic001,Yelich,Christian,L,R,MIA
andec001,Anderson,Chase,R,R,MIL
arcio002,Arcia,Orlando,R,R,MIL
barnj002,Barnes,Jacob,R,R,MIL
blazm001,Blazek,Michael,R,R,MIL
boyeb001,Boyer,Blaine,R,R,MIL
braur002,Braun,Ryan,R,R,MIL
broxk001,Broxton,Keon,R,R,MIL
capuc001,Capuano,Chris,L,L,MIL
cartc002,Carter,Chris,R,R,MIL
cravt001,Cravy,Tyler,R,R,MIL
daviz001,Davies,Zach,R,R,MIL
elmoj001,Elmore,Jake,R,R,MIL
florr003,Flores,Ramon,L,L,MIL
frees001,Freeman,Sam,R,L,MIL
garzm001,Garza,Matt,R,R,MIL
genns001,Gennett,Scooter,L,R,MIL
gofod001,Goforth,David,R,R,MIL
guerj003,Guerra,Junior,R,R,MIL
hilla001,Hill,Aaron,R,R,MIL
jeffj001,Jeffress,Jeremy,R,R,MIL
jungt001,Jungmann,Taylor,R,R,MIL
kirkm001,Kirkman,Michael,L,L,MIL
knebc001,Knebel,Corey,R,R,MIL
lucrj001,Lucroy,Jonathan,R,R,MIL
magnd001,Magnifico,Damien,R,R,MIL
maldm001,Maldonado,Martin,R,R,MIL
marij001,Marinez,Jhan,R,R,MIL
middw001,Middlebrooks,Will,R,R,MIL
nelsj004,Nelson,Jimmy,R,R,MIL
nieuk001,Nieuwenhuis,Kirk,L,R,MIL
penaa003,Pena,Ariel,R,R,MIL
peraw001,Peralta,Wily,R,R,MIL
pereh001,Perez,Hernan,R,R,MIL
pinam001,Pina,Manny,R,R,MIL
pintj001,Pinto,Josmil,R,R,MIL
presa001,Presley,Alex,L,L,MIL
ramin001,Ramirez,Neil,R,R,MIL
reedm001,Reed,Michael,R,R,MIL
rivey001,Rivera,Yadiel,R,R,MIL
roweb001,Rowen,Ben,R,R,MIL
santd002,Santana,Domingo,R,R,MIL
scahr001,Scahill,Rob,L,R,MIL
smitw002,Smith,Will,R,L,MIL
susaa001,Susac,Andrew,R,R,MIL
suteb001,Suter,Brent,L,L,MIL
thort001,Thornburg,Tyler,R,R,MIL
torrc001,Torres,Carlos,R,R,MIL
villj001,Villar,Jonathan,B,R,MIL
walsc001,Walsh,Colin,B,B,MIL
wilka002,Wilkins,Andy,L,R,MIL
abadf001,Abad,Fernando,L,L,MIN
albea001,Albers,Andrew,R,L,MIN
arcio001,Arcia,Oswaldo,L,R,MIN
berej003,Beresford,James,L,R,MIN
berrj001,Berrios,Jose,R,R,MIN
boshb001,Boshers,Buddy,L,L,MIN
buxtb001,Buxton,Byron,R,R,MIN
centj001,Centeno,Juan,L,R,MIN
charj001,Chargois,J.T.,B,R,MIN
deanp001,Dean,Pat,L,L,MIN
dozib001,Dozier,Brian,R,R,MIN
dufft001,Duffey,Tyler,R,R,MIN
escoe001,Escobar,Eduardo,B,R,MIN
fienc001,Fien,Casey,R,R,MIN
gibsk002,Gibson,Kyle,R,R,MIN
grahj002,Graham,J.R.,R,R,MIN
grosr001,Grossman,Robbie,B,L,MIN
mejia001,Mejia,Adalberto,R,L,MIN
hughp001,Hughes,Phil,R,R,MIN
jepsk001,Jepsen,Kevin,R,R,MIN
keplm001,Kepler,Max,L,L,MIN
kintb001,Kintzler,Brandon,R,R,MIN
lighp001,Light,Pat,R,R,MIN
mastd002,Mastroianni,Darin,R,R,MIN
mauej001,Mauer,Joe,L,R,MIN
may-t001,May,Trevor,R,R,MIN
meyea001,Meyer,Alex,R,R,MIN
milot001,Milone,Tom,L,L,MIN
murpj001,Murphy,John Ryan,R,R,MIN
nolar001,Nolasco,Ricky,R,R,MIN
nunee002,Nunez,Eduardo,R,R,MIN
orour001,O'Rourke,Ryan,R,L,MIN
parkb002,Park,Byung Ho,R,R,MIN
perkg001,Perkins,Glen,L,L,MIN
plout001,Plouffe,Trevor,R,R,MIN
polaj001,Polanco,Jorge,B,R,MIN
presr001,Pressly,Ryan,R,R,MIN
ramin001,Ramirez,Neil,R,R,MIN
roget001,Rogers,Taylor,L,L,MIN
rosae001,Rosario,Eddie,L,R,MIN
sanom001,Sano,Miguel,R,R,MIN
santd001,Santana,Danny,B,R,MIN
sante001,Santana,Ervin,R,R,MIN
santh001,Santiago,Hector,R,L,MIN
schal001,Schafer,Logan,L,L,MIN
suzuk001,Suzuki,Kurt,R,R,MIN
tonkm001,Tonkin,Michael,R,R,MIN
vargk001,Vargas,Kennys,B,R,MIN
wimma001,Wimmers,Alex,L,R,MIN
ackld001,Ackley,Dustin,L,R,NYA
austt001,Austin,Tyler,R,R,NYA
barbj001,Barbato,John,R,R,NYA
beltc001,Beltran,Carlos,B,R,NYA
betad001,Betances,Dellin,R,R,NYA
bleir001,Bleier,Richard,L,L,NYA
butlb003,Butler,Billy,R,R,NYA
casts001,Castro,Starlin,R,R,NYA
cessl001,Cessa,Luis,R,R,NYA
chapa001,Chapman,Aroldis,L,L,NYA
clipt001,Clippard,Tyler,R,R,NYA
cokep001,Coke,Phil,L,L,NYA
davii001,Davis,Ike,L,L,NYA
ellsj001,Ellsbury,Jacoby,L,L,NYA
eovan001,Eovaldi,Nathan,R,R,NYA
gameb001,Gamel,Ben,L,L,NYA
gardb001,Gardner,Brett,L,L,NYA
goodn001,Goody,Nick,R,R,NYA
greec003,Green,Chad,L,R,NYA
gregd001,Gregorius,Didi,L,R,NYA
headc001,Headley,Chase,B,R,NYA
hellb001,Heller,Ben,R,R,NYA
hicka001,Hicks,Aaron,B,R,NYA
holdj002,Holder,Jonathan,R,R,NYA
judga001,Judge,Aaron,R,R,NYA
laynt001,Layne,Tom,L,L,NYA
mccab002,McCann,Brian,L,R,NYA
milla002,Miller,Andrew,L,L,NYA
mitcb001,Mitchell,Bryan,L,R,NYA
mullc001,Mullee,Conor,R,R,NYA
novai001,Nova,Ivan,R,R,NYA
olsot002,Olson,Tyler,R,L,NYA
parkb001,Parker,Blake,R,R,NYA
parmc001,Parmelee,Chris,L,L,NYA
pazoj001,Pazos,James,R,L,NYA
pindb001,Pinder,Branden,R,R,NYA
pinem001,Pineda,Michael,R,R,NYA
refsr001,Refsnyder,Rob,R,R,NYA
rodra001,Rodriguez,Alex,R,R,NYA
romia002,Romine,Austin,R,R,NYA
sabac001,Sabathia,CC,L,L,NYA
sancg002,Sanchez,Gary,R,R,NYA
sevel001,Severino,Luis,R,R,NYA
shrec001,Shreve,Chasen,L,L,NYA
solad001,Solano,Donovan,R,R,NYA
swara001,Swarzak,Anthony,R,R,NYA
tanam001,Tanaka,Masahiro,R,R,NYA
teixm001,Teixeira,Mark,B,R,NYA
torrr001,Torreyes,Ronald,R,R,NYA
warra001,Warren,Adam,R,R,NYA
willm007,Williams,Mason,L,R,NYA
yatek001,Yates,Kirby,L,R,NYA
youne003,Young,Eric,B,R,NYA
basta001,Bastardo,Antonio,R,L,NYN
blevj001,Blevins,Jerry,L,L,NYN
brucj001,Bruce,Jay,L,L,NYN
cabra002,Cabrera,Asdrubal,B,R,NYN
campe001,Campbell,Eric,R,R,NYN
ceccg002,Cecchini,Gavin,R,R,NYN
cespy001,Cespedes,Yoenis,R,R,NYN
colob001,Colon,Bartolo,R,R,NYN
confm001,Conforto,Michael,L,R,NYN
darnt001,d'Arnaud,Travis,R,R,NYN
deaza001,de Aza,Alejandro,L,L,NYN
degrj001,deGrom,Jacob,L,R,NYN
dudal001,Duda,Lucas,L,R,NYN
edgij001,Edgin,Josh,R,L,NYN
famij001,Familia,Jeurys,R,R,NYN
florw001,Flores,Wilmer,R,R,NYN
gilms001,Gilmartin,Sean,L,L,NYN
goede001,Goeddel,Erik,R,R,NYN
granc001,Granderson,Curtis,L,R,NYN
gselr001,Gsellman,Robert,R,R,NYN
harvm001,Harvey,Matt,R,R,NYN
hendj001,Henderson,Jim,L,R,NYN
johnk003,Johnson,Kelly,L,R,NYN
kellt001,Kelly,Ty,B,R,NYN
lagaj001,Lagares,Juan,R,R,NYN
lonej001,Loney,James,L,L,NYN
lugos001,Lugo,Seth,R,R,NYN
matzs001,Matz,Steven,R,L,NYN
montr004,Montero,Rafael,R,R,NYN
niesj001,Niese,Jonathon,L,L,NYN
nimmb001,Nimmo,Brandon,L,R,NYN
plawk001,Plawecki,Kevin,R,R,NYN
reeda001,Reed,Addison,L,R,NYN
reyej001,Reyes,Jose,B,R,NYN
reynm003,Reynolds,Matt,R,R,NYN
river003,Rivera,Rene,R,R,NYN
rivet001,Rivera,T.J.,R,R,NYN
roblh001,Robles,Hansel,R,R,NYN
ruggj001,Ruggiano,Justin,R,R,NYN
salaf001,Salas,Fernando,R,R,NYN
smokj001,Smoker,Josh,L,L,NYN
syndn001,Syndergaard,Noah,L,R,NYN
verrl001,Verrett,Logan,R,R,NYN
walkn001,Walker,Neil,B,R,NYN
wrigd002,Wright,David,R,R,NYN
ynoag001,Ynoa,Gabriel,R,R,NYN
alcaa001,Alcantara,Arismendy,B,R,OAK
alcar001,Alcantara,Raul,R,R,OAK
alony001,Alonso,Yonder,L,R,OAK
axfoj001,Axford,John,R,R,OAK
bassc001,Bassitt,Chris,R,R,OAK
burnb002,Burns,Billy,B,R,OAK
butlb003,Butler,Billy,R,R,OAK
canhm001,Canha,Mark,R,R,OAK
coghc001,Coghlan,Chris,L,R,OAK
cottj001,Cotton,Jharel,R,R,OAK
could001,Coulombe,Daniel,L,L,OAK
crisc001,Crisp,Coco,B,R,OAK
davik003,Davis,Khris,R,R,OAK
detwr001,Detwiler,Ross,R,L,OAK
dools001,Doolittle,Sean,L,L,OAK
dullr001,Dull,Ryan,R,R,OAK
eibnb001,Eibner,Brett,R,R,OAK
gravk001,Graveman,Kendall,R,R,OAK
grays001,Gray,Sonny,R,R,OAK
hahnj001,Hahn,Jesse,R,R,OAK
healr001,Healy,Ryon,R,R,OAK
hendl001,Hendriks,Liam,R,R,OAK
hillr001,Hill,Rich,L,L,OAK
ladet001,Ladendorf,Tyler,R,R,OAK
lamba001,Lambo,Andrew,L,L,OAK
lowrj001,Lowrie,Jed,B,R,OAK
madsr001,Madson,Ryan,L,R,OAK
manas001,Manaea,Sean,L,L,OAK
maxwb001,Maxwell,Bruce,L,R,OAK
mcbrm002,McBride,Matt,R,R,OAK
mengd001,Mengden,Daniel,R,R,OAK
muncm001,Muncy,Max,L,R,OAK
nealz001,Neal,Zach,R,R,OAK
nuner001,Nunez,Renato,R,R,OAK
olsom001,Olson,Matt,L,R,OAK
overd001,Overton,Dillon,L,L,OAK
phegj001,Phegley,Josh,R,R,OAK
pindc001,Pinder,Chad,R,R,OAK
reddj001,Reddick,Josh,L,R,OAK
rodrf004,Rodriguez,Fernando,R,R,OAK
rzepm001,Rzepczynski,Marc,L,L,OAK
schup001,Schuster,Patrick,R,L,OAK
semim001,Semien,Marcus,R,R,OAK
smitc002,Smith,Chris,R,R,OAK
smolj002,Smolinski,Jake,R,R,OAK
surke001,Surkamp,Eric,L,L,OAK
triga001,Triggs,Andrew,R,R,OAK
valed001,Valencia,Danny,R,R,OAK
vogts001,Vogt,Stephen,L,R,OAK
wendj001,Wendelken,J.B.,R,R,OAK
wendj002,Wendle,Joey,L,R,OAK
alfaj002,Alfaro,Jorge,R,R,PHI
altha001,Altherr,Aaron,R,R,PHI
araue001,Araujo,Elvis,L,L,PHI
ashea001,Asher,Alec,R,R,PHI
aschc001,Asche,Cody,L,R,PHI
baila001,Bailey,Andrew,R,R,PHI
blana001,Blanco,Andres,B,R,PHI
bourp001,Bourjos,Peter,R,R,PHI
burre001,Burriss,Emmanuel,B,R,PHI
eickj001,Eickhoff,Jerad,R,R,PHI
efliz001,Eflin,Zach,R,R,PHI
ellia001,Ellis,A.J.,R,R,PHI
featt001,Featherston,Taylor,R,R,PHI
franm004,Franco,Maikel,R,R,PHI
galvf001,Galvis,Freddy,B,R,PHI
garcl005,Garcia,Luis,R,R,PHI
goedt001,Goeddel,Tyler,R,R,PHI
gomej002,Gomez,Jeanmar,R,R,PHI
gonzs001,Gonzalez,Severino,R,R,PHI
hellj001,Hellickson,Jeremy,R,R,PHI
hernc005,Hernandez,Cesar,B,R,PHI
hernd002,Hernandez,David,R,R,PHI
herro001,Herrera,Odubel,L,R,PHI
herrf001,Herrmann,Frank,L,R,PHI
hinod001,Hinojosa,Dalier,R,R,PHI
howar001,Howard,Ryan,L,L,PHI
huntc001,Hunter,Cedric,L,L,PHI
joset001,Joseph,Tommy,R,R,PHI
kleip001,Klein,Phil,R,R,PHI
lougd001,Lough,David,L,L,PHI
marim001,Mariot,Michael,R,R,PHI
morga001,Morgan,Adam,L,L,PHI
mortc002,Morton,Charlie,R,R,PHI
murrc002,Murray,Colton,R,R,PHI
nerih001,Neris,Hector,R,R,PHI
nolaa001,Nola,Aaron,R,R,PHI
oberb001,Oberholtzer,Brett,L,L,PHI
parej002,Paredes,Jimmy,B,R,PHI
quinr003,Quinn,Roman,B,R,PHI
ramoe002,Ramos,Edubray,R,R,PHI
rodrj004,Rodriguez,Joely,L,L,PHI
ruf-d001,Ruf,Darin,R,R,PHI
ruizc001,Ruiz,Carlos,R,R,PHI
ruppc001,Rupp,Cameron,R,R,PHI
russj003,Russell,James,L,L,PHI
schup001,Schuster,Patrick,R,L,PHI
stumd001,Stumpf,Daniel,L,L,PHI
thomj007,Thompson,Jake,R,R,PHI
velav001,Velasquez,Vincent,R,R,PHI
basta001,Bastardo,Antonio,R,L,PIT
bellj005,Bell,Josh,B,R,PIT
boscw001,Boscan,Wilfredo,R,R,PIT
braus002,Brault,Steven,L,L,PIT
camia001,Caminero,Arquimedes,R,R,PIT
cervf001,Cervelli,Francisco,R,R,PIT
cokep001,Coke,Phil,L,L,PIT
coleg001,Cole,Gerrit,R,R,PIT
diaze005,Diaz,Elias,R,R,PIT
felin001,Feliz,Neftali,R,R,PIT
figuc001,Figueroa,Cole,L,R,PIT
florp001,Florimon,Pedro,B,R,PIT
fraza001,Frazier,Adam,L,R,PIT
freed001,Freese,David,R,R,PIT
fryee001,Fryer,Eric,R,R,PIT
glast001,Glasnow,Tyler,L,R,PIT
hansa001,Hanson,Alen,B,R,PIT
harrj002,Harrison,Josh,R,R,PIT
hughj001,Hughes,Jared,R,R,PIT
hutcd001,Hutchison,Drew,L,R,PIT
jasoj001,Jaso,John,L,R,PIT
joycm001,Joyce,Matthew,L,R,PIT
kangj001,Kang,Jung Ho,R,R,PIT
krate001,Kratz,Erik,R,R,PIT
kuhlc001,Kuhl,Chad,R,R,PIT
leblw001,LeBlanc,Wade,L,L,PIT
lirif001,Liriano,Francisco,L,L,PIT
lobsk001,Lobstein,Kyle,L,L,PIT
lockj001,Locke,Jeff,L,L,PIT
luebc001,Luebke,Cory,R,L,PIT
martk002,Marte,Kelvin,R,L,PIT
marts002,Marte,Starling,R,R,PIT
mccua001,McCutchen,Andrew,R,R,PIT
melam001,Melancon,Mark,R,R,PIT
mercj002,Mercer,Jordy,R,R,PIT
morom001,Moroff,Max,B,R,PIT
morsm001,Morse,Michael,R,R,PIT
nicaj001,Nicasio,Juan,R,R,PIT
niesj001,Niese,Jon,L,L,PIT
novai001,Nova,Ivan,R,R,PIT
partc001,Partch,Curtis,R,R,PIT
philz001,Phillips,Zach,L,L,PIT
polag001,Polanco,Gregory,L,L,PIT
rivef001,Rivero,Felipe,L,L,PIT
rodrs002,Rodriguez,Sean,R,R,PIT
rogej002,Rogers,Jason,R,R,PIT
rondj001,Rondon,Jorge,R,R,PIT
scahr001,Scahill,Rob,L,R,PIT
schua001,Schugel,A.J.,R,R,PIT
stalj001,Stallings,Jacob,R,R,PIT
stewc001,Stewart,Chris,R,R,PIT
tailj001,Taillon,Jameson,R,R,PIT
voger001,Vogelsong,Ryan,R,R,PIT
watst001,Watson,Tony,L,L,PIT
willt002,Williams,Trevor,R,R,PIT
amara001,Amarista,Alexi,L,R,SDN
arcio001,Arcia,Oswaldo,L,R,SDN
asuac001,Asuaje,Carlos,L,R,SDN
baumb001,Baumann,Buddy,L,L,SDN
bethc001,Bethancourt,Christian,R,R,SDN
blasj001,Blash,Jabari,R,R,SDN
buchr001,Buchter,Ryan,L,L,SDN
campl001,Campos,Leonel,R,R,SDN
casha001,Cashner,Andrew,R,R,SDN
clemp002,Clemens,Paul,R,R,SDN
cosaj001,Cosart,Jarred,R,R,SDN
dicka001,Dickerson,Alex,L,L,SDN
domij002,Dominguez,Jose,R,R,SDN
erlir001,Erlin,Robbie,R,L,SDN
friec001,Friedrich,Christian,R,L,SDN
guert001,Guerrero,Tayron,R,R,SDN
handb001,Hand,Brad,L,L,SDN
hedga001,Hedges,Austin,R,R,SDN
hessk001,Hessler,Keith,L,L,SDN
jacke001,Jackson,Edwin,R,R,SDN
jankt001,Jankowski,Travis,L,R,SDN
jay-j001,Jay,Jon,L,L,SDN
johne003,Johnson,Erik,R,R,SDN
kempm001,Kemp,Matt,R,R,SDN
kirkm001,Kirkman,Michael,L,L,SDN
kivlp001,Kivlehan,Patrick,R,R,SDN
margm001,Margot,Manuel,R,R,SDN
maurb001,Maurer,Brandon,R,R,SDN
morrb001,Morrow,Brandon,R,R,SDN
myerw001,Myers,Wil,R,R,SDN
noonn001,Noonan,Nick,L,R,SDN
norrd001,Norris,Derek,R,R,SDN
perdl002,Perdomo,Luis,R,R,SDN
pirej001,Pirela,Jose,R,R,SDN
pomed001,Pomeranz,Drew,R,L,SDN
quack001,Quackenbush,Kevin,R,R,SDN
ramia003,Ramirez,Alexei,R,R,SDN
rea-c001,Rea,Colin,R,R,SDN
renfh001,Renfroe,Hunter,R,R,SDN
richc002,Richard,Clayton,L,L,SDN
rodnf001,Rodney,Fernando,R,R,SDN
rondj002,Rondon,Jose,R,R,SDN
rosaa001,Rosales,Adam,R,R,SDN
rosst001,Ross,Tyson,R,R,SDN
sanch002,Sanchez,Hector,B,R,SDN
sardl001,Sardinas,Luis,B,R,SDN
schir001,Schimpf,Ryan,L,R,SDN
shiej002,Shields,James,R,R,SDN
smitj005,Smith,Jake,R,R,SDN
solay001,Solarte,Yangervis,B,R,SDN
spanc001,Spangenberg,Cory,L,R,SDN
thorm001,Thornton,Matt,L,L,SDN
torrj001,Torres,Jose,L,L,SDN
uptob001,Upton,Melvin,R,R,SDN
vargc002,Vargas,Cesar,R,R,SDN
villc001,Villanueva,Carlos,R,R,SDN
wallb001,Wallace,Brett,L,R,SDN
weekj001,Weeks,Jemile,B,R,SDN
altad001,Altavilla,Dan,R,R,SEA
aokin001,Aoki,Nori,L,R,SEA
aro-j001,Aro,Jonathan,R,R,SEA
benoj001,Benoit,Joaquin,R,R,SEA
camia001,Caminero,Arquimedes,R,R,SEA
canor001,Cano,Robinson,L,R,SEA
cishs001,Cishek,Steve,R,R,SEA
clevs001,Clevenger,Steve,L,R,SEA
cruzn002,Cruz,Nelson,R,R,SEA
diaze006,Diaz,Edwin,R,R,SEA
freem002,Freeman,Mike,L,R,SEA
gameb001,Gamel,Ben,L,L,SEA
guaim001,Guaipe,Mayckol,R,R,SEA
gutif001,Gutierrez,Franklin,R,R,SEA
hereg002,Heredia,Guillermo,R,L,SEA
hernf002,Hernandez,Felix,R,R,SEA
iannc001,Iannetta,Chris,R,R,SEA
iwakh001,Iwakuma,Hisashi,R,R,SEA
johns001,Johnson,Steve,R,R,SEA
karnn001,Karns,Nathan,R,R,SEA
leblw001,LeBlanc,Wade,L,L,SEA
lee-d004,Lee,Dae-Ho,R,R,SEA
linda001,Lind,Adam,L,L,SEA
martk001,Marte,Ketel,B,R,SEA
martc008,Martin,Cody,R,R,SEA
martl004,Martin,Leonys,L,R,SEA
milew001,Miley,Wade,L,L,SEA
miraa002,Miranda,Ariel,L,L,SEA
montm002,Montgomery,Mike,L,L,SEA
nunov001,Nuno,Vidal,L,L,SEA
omals001,O'Malley,Shawn,B,R,SEA
parkb001,Parker,Blake,R,R,SEA
paxtj001,Paxton,James,L,L,SEA
peraj002,Peralta,Joel,R,R,SEA
roacd001,Roach,Donn,R,R,SEA
robed003,Robertson,Daniel,R,R,SEA
rolld002,Rollins,David,L,L,SEA
romes001,Romero,Stefen,R,R,SEA
sampa001,Sampson,Adrian,R,R,SEA
sardl001,Sardinas,Luis,B,R,SEA
scrie001,Scribner,Evan,R,R,SEA
seagk001,Seager,Kyle,L,R,SEA
smits002,Smith,Seth,L,L,SEA
stord001,Storen,Drew,B,R,SEA
sucrj001,Sucre,Jesus,R,R,SEA
taylc001,Taylor,Chris,R,R,SEA
vendp001,Venditte,Pat,B,L,SEA
vincn001,Vincent,Nick,R,R,SEA
voged001,Vogelbach,Daniel,L,R,SEA
walkt004,Walker,Taijuan,R,R,SEA
wielj001,Wieland,Joe,R,R,SEA
wilht001,Wilhelmsen,Tom,R,R,SEA
zunim001,Zunino,Mike,R,R,SEA
zycht001,Zych,Tony,R,R,SEA
adrie001,Adrianza,Ehire,B,R,SFN
beckg001,Beckham,Gordon,R,R,SFN
beltb001,Belt,Brandon,L,L,SFN
blact002,Blach,Ty,R,L,SFN
blang001,Blanco,Gregor,L,L,SFN
broam001,Broadway,Mike,R,R,SFN
browt002,Brown,Trevor,R,R,SFN
bumgm001,Bumgarner,Madison,R,L,SFN
cainm001,Cain,Matt,R,R,SFN
crawb001,Crawford,Brandon,L,R,SFN
cuetj001,Cueto,Johnny,R,R,SFN
duffm002,Duffy,Matt,R,R,SFN
garcj002,Casilla,Santiago,R,R,SFN
gearc001,Gearrin,Cory,R,R,SFN
gillc001,Gillaspie,Conor,L,R,SFN
greeg002,Green,Grant,R,R,SFN
herng001,Hernandez,Gorkys,R,R,SFN
hestc001,Heston,Chris,R,R,SFN
kontg001,Kontos,George,R,R,SFN
law-d001,Law,Derek,R,R,SFN
lopej002,Lopez,Javier,L,L,SFN
mazzv001,Mazzaro,Vin,R,R,SFN
moorm003,Moore,Matt,L,L,SFN
nathj001,Nathan,Joe,R,R,SFN
nunee002,Nunez,Eduardo,R,R,SFN
okers001,Okert,Steven,L,L,SFN
osicj001,Osich,Josh,L,L,SFN
pagaa001,Pagan,Angel,B,R,SFN
panij002,Panik,Joe,L,R,SFN
parkj002,Parker,Jarrett,L,L,SFN
peavj001,Peavy,Jake,R,R,SFN
penar002,Pena,Ramiro,B,R,SFN
pench001,Pence,Hunter,R,R,SFN
poseb001,Posey,Buster,R,R,SFN
reynm002,Reynolds,Matt,L,L,SFN
romos001,Romo,Sergio,R,R,SFN
samaj001,Samardzija,Jeff,R,R,SFN
smitw002,Smith,Will,R,L,SFN
spand001,Span,Denard,L,L,SFN
strac001,Stratton,Chris,R,R,SFN
strih001,Strickland,Hunter,R,R,SFN
suara001,Suarez,Albert,R,R,SFN
tejar001,Tejada,Ruben,R,R,SFN
tomlk001,Tomlinson,Kelby,R,R,SFN
willm008,Williamson,Mac,R,R,SFN
adamm002,Adams,Matt,L,R,SLN
bowmm001,Bowman,Matt,R,R,SLN
broxj001,Broxton,Jonathan,R,R,SLN
carpm002,Carpenter,Matt,L,R,SLN
diaza003,Diaz,Aledmys,R,R,SLN
dukez001,Duke,Zach,L,L,SLN
fryee001,Fryer,Eric,R,R,SLN
garcg002,Garcia,Greg,L,R,SLN
garcj004,Garcia,Jaime,L,L,SLN
gricr001,Grichuk,Randal,R,R,SLN
gyorj001,Gyorko,Jedd,R,R,SLN
hazej001,Hazelbaker,Jeremy,L,R,SLN
hollm001,Holliday,Matt,R,R,SLN
kellc002,Kelly,Carson,R,R,SLN
kiekd001,Kiekhefer,Dean,L,L,SLN
leakm001,Leake,Mike,R,R,SLN
lyont001,Lyons,Tyler,B,L,SLN
manes001,Maness,Seth,R,R,SLN
martc006,Martinez,Carlos,R,R,SLN
martj008,Martinez,Jose,R,R,SLN
mayem001,Mayers,Mike,R,R,SLN
mckem001,McKenry,Michael,R,R,SLN
moliy001,Molina,Yadier,R,R,SLN
mossb001,Moss,Brandon,L,R,SLN
oh--s001,Oh,Seung Hwan,R,R,SLN
penab002,Pena,Brayan,B,R,SLN
peraj001,Peralta,Jhonny,R,R,SLN
phamt001,Pham,Tommy,R,R,SLN
piscs001,Piscotty,Stephen,R,R,SLN
reyea004,Reyes,Alex,R,R,SLN
rosaa002,Rosario,Alberto,R,R,SLN
roset001,Rosenthal,Trevor,R,R,SLN
siegk001,Siegrist,Kevin,L,L,SLN
socom001,Socolovich,Miguel,R,R,SLN
tejar001,Tejada,Ruben,R,R,SLN
tuivs001,Tuivailala,Sam,R,R,SLN
wachm001,Wacha,Michael,R,R,SLN
waina001,Wainwright,Adam,R,R,SLN
weavl001,Weaver,Luke,R,R,SLN
willj003,Williams,Jerome,R,R,SLN
wongk001,Wong,Kolten,L,R,SLN
andrm001,Andriese,Matt,R,R,TBA
archc001,Archer,Chris,R,R,TBA
arcio001,Arcia,Oswaldo,L,R,TBA
beckt001,Beckham,Tim,R,R,TBA
boxbb001,Boxberger,Brad,R,R,TBA
casac001,Casali,Curt,R,R,TBA
cedex001,Cedeno,Xavier,L,L,TBA
cobba001,Cobb,Alex,R,R,TBA
coloa001,Colome,Alex,R,R,TBA
congh001,Conger,Hank,B,R,TBA
deckj001,Decker,Jaff,L,L,TBA
dickc002,Dickerson,Corey,L,R,TBA
duffm002,Duffy,Matt,R,R,TBA
eveld001,Eveland,Dana,L,L,TBA
farqd001,Farquhar,Danny,R,R,TBA
flord002,Floro,Dylan,L,R,TBA
forsl001,Forsythe,Logan,R,R,TBA
frann001,Franklin,Nick,B,R,TBA
gambe001,Gamboa,Eddie,R,R,TBA
gartr001,Garton,Ryan,R,R,TBA
gelts001,Geltz,Steve,R,R,TBA
guyeb001,Guyer,Brandon,R,R,TBA
jennd002,Jennings,Desmond,R,R,TBA
jepsk001,Jepsen,Kevin,R,R,TBA
kierk001,Kiermaier,Kevin,L,R,TBA
longe001,Longoria,Evan,R,R,TBA
mahtm001,Mahtook,Mikie,R,R,TBA
maill001,Maile,Luke,R,R,TBA
marij001,Marinez,Jhan,R,R,TBA
markj001,Marks,Justin,L,L,TBA
millb002,Miller,Brad,L,R,TBA
moorm003,Moore,Matt,L,L,TBA
morrl001,Morrison,Logan,L,L,TBA
mottt001,Motter,Taylor,R,R,TBA
odorj001,Odorizzi,Jake,R,R,TBA
pears001,Pearce,Steve,R,R,TBA
querj001,Querecuto,Juniel,B,R,TBA
ramia003,Ramirez,Alexei,R,R,TBA
ramie004,Ramirez,Erasmo,R,R,TBA
romee002,Romero,Enny,L,L,TBA
shafr001,Shaffer,Richie,R,R,TBA
smyld001,Smyly,Drew,L,L,TBA
snelb001,Snell,Blake,L,L,TBA
souzs001,Souza,Steven,R,R,TBA
sturt002,Sturdevant,Tyler,R,R,TBA
webbr001,Webb,Ryan,R,R,TBA
whitc001,Whitley,Chase,R,R,TBA
wilsb002,Wilson,Bobby,R,R,TBA
albeh001,Alberto,Hanser,R,R,TEX
alvad001,Alvarez,Dario,L,L,TEX
andre001,Andrus,Elvis,R,R,TEX
barnt002,Barnette,Tony,R,R,TEX
beltc001,Beltran,Carlos,B,R,TEX
belta001,Beltre,Adrian,R,R,TEX
bushm001,Bush,Matt,R,R,TEX
chirr001,Chirinos,Robinson,R,R,TEX
choos001,Choo,Shin-Soo,L,L,TEX
claua001,Claudio,Alex,L,L,TEX
darvy001,Darvish,Yu,R,R,TEX
deshd002,DeShields,Delino,R,R,TEX
desmi001,Desmond,Ian,R,R,TEX
diekj001,Diekman,Jake,L,L,TEX
dysos001,Dyson,Sam,R,R,TEX
faula001,Faulkner,Andrew,R,L,TEX
fielp001,Fielder,Prince,L,R,TEX
gallj002,Gallo,Joey,L,R,TEX
gomec002,Gomez,Carlos,R,R,TEX
gonzc002,Gonzalez,Chi Chi,R,R,TEX
grifa002,Griffin,A.J.,R,R,TEX
hamec001,Hamels,Cole,L,L,TEX
harrl002,Harrell,Lucas,B,R,TEX
holab001,Holaday,Bryan,R,R,TEX
holld003,Holland,Derek,B,L,TEX
hoyij001,Hoying,Jared,L,R,TEX
jackl001,Jackson,Luke,R,R,TEX
jeffj001,Jeffress,Jeremy,R,R,TEX
kelak001,Kela,Keone,R,R,TEX
kleip001,Klein,Phil,R,R,TEX
leclj001,Leclerc,Jose,R,R,TEX
lewic001,Lewis,Colby,R,R,TEX
lohsk001,Lohse,Kyle,R,R,TEX
lucrj001,Lucroy,Jonathan,R,R,TEX
martn002,Martinez,Nick,L,R,TEX
mazan001,Mazara,Nomar,L,L,TEX
mendy001,Mendez,Yohander,L,L,TEX
morem001,Moreland,Mitch,L,L,TEX
nichb001,Nicholas,Brett,L,R,TEX
odorr001,Odor,Rougned,L,R,TEX
perem004,Perez,Martin,L,L,TEX
profj001,Profar,Jurickson,B,R,TEX
ramoc001,Ramos,Cesar,L,L,TEX
ranaa001,Ranaudo,Anthony,R,R,TEX
rothm001,Roth,Michael,L,L,TEX
rua-r001,Rua,Ryan,R,R,TEX
ruggj001,Ruggiano,Justin,R,R,TEX
schet001,Scheppers,Tanner,R,R,TEX
stubd001,Stubbs,Drew,R,R,TEX
tolls002,Tolleson,Shawn,R,R,TEX
wilht001,Wilhelmsen,Tom,R,R,TEX
wilsb002,Wilson,Bobby,R,R,TEX
antod001,Antolin,Dustin,R,R,TOR
barnd001,Barney,Darwin,R,R,TOR
barnd002,Barnes,Danny,L,R,TOR
biagj001,Biagini,Joe,R,R,TOR
bautj002,Bautista,Jose,R,R,TOR
benoj001,Benoit,Joaquin,R,R,TOR
burna003,Burns,Andy,R,R,TOR
carre001,Carrera,Ezequiel,L,L,TOR
cecib001,Cecil,Brett,R,L,TOR
cecid001,Ceciliani,Darrell,L,L,TOR
chavj001,Chavez,Jesse,R,R,TOR
colac001,Colabello,Chris,R,R,TOR
dermm001,Dermody,Matt,R,L,TOR
diams001,Diamond,Scott,L,L,TOR
dickr001,Dickey,R.A.,R,R,TOR
domim001,Dominguez,Matt,R,R,TOR
donaj001,Donaldson,Josh,R,R,TOR
encae001,Encarnacion,Edwin,R,R,TOR
estrm001,Estrada,Marco,R,R,TOR
felds001,Feldman,Scott,L,R,TOR
floyg001,Floyd,Gavin,R,R,TOR
giroc001,Girodo,Chad,L,L,TOR
goinr001,Goins,Ryan,L,R,TOR
grilj001,Grilli,Jason,R,R,TOR
happj001,Happ,J.A.,L,L,TOR
hutcd001,Hutchison,Drew,L,R,TOR
lakej001,Lake,Junior,R,R,TOR
leona001,Leon,Arnold,R,R,TOR
lirif001,Liriano,Francisco,L,L,TOR
loupa001,Loup,Aaron,L,L,TOR
martr004,Martin,Russell,R,R,TOR
moraf001,Morales,Franklin,L,L,TOR
navad001,Navarro,Dioner,B,R,TOR
osunr001,Osuna,Roberto,R,R,TOR
parej002,Paredes,Jimmy,B,R,TOR
pillk001,Pillar,Kevin,R,R,TOR
pompd001,Pompey,Dalton,B,R,TOR
sanca006,Sanchez,Aaron,R,R,TOR
saunm001,Saunders,Michael,L,R,TOR
schub001,Schultz,Bo,R,R,TOR
smoaj001,Smoak,Justin,B,L,TOR
stord001,Storen,Drew,B,R,TOR
strom001,Stroman,Marcus,R,R,TOR
teper001,Tepera,Ryan,R,R,TOR
tholj001,Thole,Josh,L,R,TOR
travd001,Travis,Devon,R,R,TOR
tulot001,Tulowitzki,Troy,R,R,TOR
uptob001,Upton,Melvin,R,R,TOR
vendp001,Venditte,Pat,B,L,TOR
belim001,Belisle,Matt,R,R,WAS
burns001,Burnett,Sean,L,L,WAS
colea002,Cole,A.J.,R,R,WAS
dendm001,den Dekker,Matt,L,L,WAS
difow001,Difo,Wilmer,B,R,WAS
drews001,Drew,Stephen,L,R,WAS
espid001,Espinosa,Danny,B,R,WAS
gioll001,Giolito,Lucas,R,R,WAS
glovk001,Glover,Koda,R,R,WAS
gonzg003,Gonzalez,Gio,R,L,WAS
goodb001,Goodwin,Brian,L,R,WAS
gottt001,Gott,Trevor,R,R,WAS
gracm003,Grace,Matt,L,L,WAS
harpb003,Harper,Bryce,L,R,WAS
heisc001,Heisey,Chris,R,R,WAS
kells001,Kelley,Shawn,R,R,WAS
kiebs001,Kieboom,Spencer,R,R,WAS
latom001,Latos,Mat,R,R,WAS
lobaj001,Lobaton,Jose,B,R,WAS
loper003,Lopez,Reynaldo,R,R,WAS
martr005,Martin,Rafael,R,R,WAS
melam001,Melancon,Mark,R,R,WAS
murpd006,Murphy,Daniel,L,R,WAS
papej001,Papelbon,Jonathan,R,R,WAS
pereo002,Perez,Oliver,L,L,WAS
petiy001,Petit,Yusmeiro,R,R,WAS
ramow001,Ramos,Wilson,R,R,WAS
renda001,Rendon,Anthony,R,R,WAS
reveb001,Revere,Ben,L,R,WAS
rivef001,Rivero,Felipe,L,L,WAS
roart001,Roark,Tanner,R,R,WAS
robic001,Robinson,Clint,L,L,WAS
rossj002,Ross,Joe,R,R,WAS
rzepm001,Rzepczynski,Marc,L,L,WAS
schem001,Scherzer,Max,R,R,WAS
sevep001,Severino,Pedro,R,R,WAS
solis001,Solis,Sammy,R,L,WAS
stras001,Strasburg,Stephen,R,R,WAS
taylm002,Taylor,Michael,R,R,WAS
treib001,Treinen,Blake,R,R,WAS
turnt001,Turner,Trea,R,R,WAS
wertj001,Werth,Jayson,R,R,WAS
zimmr001,Zimmerman,Ryan,R,R,WAS
